"gene","AGTCAA","AGTTCC","ATGTCA","CCGTCC","GTCCGC","GTGAAA"
"20","GeneID:12930133",23,36,32,28,34,31
"21","GeneID:12930134",4,2,0,0,6,0
"22","GeneID:12930135",19,19,24,13,57,22
"23","GeneID:12930136",18,39,47,36,35,26
"24","GeneID:12930137",175,238,227,88,103,97
"25","GeneID:12930138",27,49,46,47,24,37
"26","GeneID:12930139",44,63,43,20,50,24
"27","GeneID:12930140",17,23,18,8,23,13
"28","GeneID:12930141",2,3,0,0,0,2
"29","GeneID:12930142",4,3,1,10,8,9
"30","GeneID:12930143",746,928,754,723,831,776
