GeneID:12930114	137
GeneID:12930115	42
GeneID:12930116	55
GeneID:12930117	12
GeneID:12930118	137
GeneID:12930119	88
GeneID:12930120	66
GeneID:12930121	11
GeneID:12930122	232
GeneID:12930123	54
GeneID:12930124	8
GeneID:12930125	385
GeneID:12930126	34
GeneID:12930127	26
GeneID:12930128	7
GeneID:12930129	111
GeneID:12930130	3
GeneID:12930131	2780
GeneID:12930132	951
GeneID:12930133	36
GeneID:12930134	2
GeneID:12930135	19
GeneID:12930136	39
GeneID:12930137	238
GeneID:12930138	49
GeneID:12930139	63
GeneID:12930140	23
GeneID:12930141	3
GeneID:12930142	3
GeneID:12930143	928
GeneID:12930144	1621
GeneID:12930145	606
GeneID:12930146	329
GeneID:12930147	197
GeneID:12930148	9
GeneID:12930149	28
GeneID:12930150	811
GeneID:12930151	647
GeneID:12930152	652
GeneID:12930153	1736
GeneID:12930154	78
GeneID:12930155	33
GeneID:12930156	3479
GeneID:12930157	11
GeneID:12930158	48
GeneID:12930159	512
GeneID:12930160	1121
GeneID:12930161	4
GeneID:12930162	309
GeneID:12930163	191
GeneID:12930164	66
GeneID:12930165	292
GeneID:12930166	3
GeneID:12930167	63
GeneID:12930168	63
GeneID:12930169	0
GeneID:12930170	206
GeneID:12930171	1
GeneID:12930172	31
GeneID:12930173	51
GeneID:12930174	5
GeneID:12930175	90
GeneID:12930176	92
GeneID:12930177	1617
GeneID:12930178	14201
GeneID:12930179	347
GeneID:12930180	965
GeneID:12930181	11
GeneID:12930182	20
GeneID:12930183	30
GeneID:12930184	10
GeneID:12930185	1
GeneID:12930186	31
GeneID:12930187	25
GeneID:12930188	28
GeneID:12930189	105
GeneID:12930190	351
GeneID:12930191	179
GeneID:12930192	218
GeneID:12930193	11
GeneID:12930194	19
GeneID:12930195	2
GeneID:12930196	9
GeneID:12930197	13
GeneID:12930198	38
GeneID:12930199	1379
GeneID:12930200	129
GeneID:12930201	177
GeneID:12930202	9
GeneID:12930203	1
GeneID:12930204	0
GeneID:12930205	0
GeneID:12930206	1692
GeneID:12930207	245
GeneID:12930208	113
GeneID:12930209	82
GeneID:12930210	154
GeneID:12930211	301
GeneID:12930212	1949
GeneID:12930213	37
GeneID:12930214	1636
GeneID:12930215	1116
GeneID:12930216	1248
GeneID:12930217	160317
GeneID:12930218	1
GeneID:12930219	0
GeneID:12930220	1
GeneID:12930221	51
GeneID:12930222	0
GeneID:12930223	16
GeneID:12930224	2652
GeneID:12930225	19
GeneID:12930226	9
GeneID:12930227	84
GeneID:12930228	149
GeneID:12930229	567
GeneID:12930230	188
GeneID:12930231	127
GeneID:12930232	1859
GeneID:12930233	28
GeneID:12930234	75
GeneID:12930235	6
GeneID:12930236	0
GeneID:12930237	0
GeneID:12930238	0
GeneID:12930239	0
GeneID:12930240	0
GeneID:12930241	0
GeneID:12930242	1724
GeneID:12930243	620
GeneID:12930244	107
GeneID:12930245	1261
GeneID:12930246	228
GeneID:12930247	91
GeneID:12930248	34
GeneID:12930249	57
GeneID:12930250	99
GeneID:12930251	7
GeneID:12930252	1035
GeneID:12930253	85
GeneID:12930254	25
GeneID:12930255	81
GeneID:12930256	228
GeneID:12930257	221
GeneID:12930258	5
GeneID:12930259	165
GeneID:12930260	640
GeneID:12930261	520
GeneID:12930262	18
GeneID:12930263	111
GeneID:12930264	0
GeneID:12930265	242
GeneID:12930266	26
GeneID:12930267	270
GeneID:12930268	34
GeneID:12930269	26
GeneID:12930270	13
GeneID:12930271	2
GeneID:12930272	42
GeneID:12930273	13
GeneID:12930274	40
GeneID:12930275	54
GeneID:12930276	3
GeneID:12930277	10
GeneID:12930278	24
GeneID:12930279	416
GeneID:12930280	710
GeneID:12930281	3
GeneID:12930282	7
GeneID:12930283	106
GeneID:12930284	117
GeneID:12930285	205
GeneID:12930286	319
GeneID:12930287	450
GeneID:12930288	1699
GeneID:12930289	1035
GeneID:12930290	683
GeneID:12930291	788
GeneID:12930292	179
GeneID:12930293	3
GeneID:12930294	59660
GeneID:12930295	27
GeneID:12930296	0
GeneID:12930297	1
GeneID:12930298	86
GeneID:12930299	909
GeneID:12930300	451
GeneID:12930301	619
GeneID:12930302	719
GeneID:12930303	525
GeneID:12930304	27
GeneID:12930305	243
GeneID:12930306	69
GeneID:12930307	1433
GeneID:12930308	209
GeneID:12930309	192
GeneID:12930310	199
GeneID:12930311	1
GeneID:12930312	65
GeneID:12930313	359
GeneID:12930314	329
GeneID:12930315	492
GeneID:12930316	39
GeneID:12930317	90
GeneID:12930318	2341
GeneID:12930319	631
GeneID:12930320	46
GeneID:12930321	62
GeneID:12930322	863
GeneID:12930323	8
GeneID:12930324	132
GeneID:12930325	875
GeneID:12930326	112
GeneID:12930327	839
GeneID:12930328	66
GeneID:12930329	684
GeneID:12930330	1463
GeneID:12930331	6
GeneID:12930332	254
GeneID:12930333	127
GeneID:12930334	165
GeneID:12930335	364
GeneID:12930336	1701
GeneID:12930337	68
GeneID:12930338	164
GeneID:12930339	18
GeneID:12930340	863
GeneID:12930341	96
GeneID:12930342	2
GeneID:12930343	1190
GeneID:12930344	159
GeneID:12930345	242
GeneID:12930346	0
GeneID:12930347	203
GeneID:12930348	100
GeneID:12930349	1
GeneID:12930350	13
GeneID:12930351	80
GeneID:12930352	29
GeneID:12930353	365
GeneID:12930354	33
GeneID:12930355	11
GeneID:12930356	353
GeneID:12930357	155
GeneID:12930358	46
GeneID:12930359	195
GeneID:12930360	36
GeneID:12930361	16
GeneID:12930362	56
GeneID:12930363	264
GeneID:12930364	6
GeneID:12930365	2313
GeneID:12930366	41
GeneID:12930367	1029
GeneID:12930368	41
GeneID:12930369	0
GeneID:12930370	11
GeneID:12930371	18
GeneID:12930372	20
GeneID:12930373	9
GeneID:12930374	158
GeneID:12930375	322
GeneID:12930376	78
GeneID:12930377	506
GeneID:12930378	12
GeneID:12930379	12
GeneID:12930380	106
GeneID:12930381	64
GeneID:12930382	17
GeneID:12930383	85
GeneID:12930384	41
GeneID:12930385	6
GeneID:12930386	118
GeneID:12930387	43
GeneID:12930388	93
GeneID:12930389	0
GeneID:12930390	51
GeneID:12930391	70
GeneID:12930392	3635
GeneID:12930393	392
GeneID:12930394	430
GeneID:12930395	30824
GeneID:12930396	32337
GeneID:12930397	17
GeneID:12930398	2798
GeneID:12930399	0
GeneID:12930400	0
GeneID:12930401	1268
GeneID:12930402	8
GeneID:12930403	0
GeneID:12930404	219
GeneID:12930405	0
GeneID:12930406	195
GeneID:12930407	154
GeneID:12930408	353
GeneID:12930409	341
GeneID:12930410	9
GeneID:12930411	14
GeneID:12930412	551
GeneID:12930413	164
GeneID:12930414	25
GeneID:12930415	66
GeneID:12930416	29
GeneID:12930417	1
GeneID:12930418	48
GeneID:12930419	1
GeneID:12930420	246
GeneID:12930421	14
GeneID:12930422	83
GeneID:12930423	44
GeneID:12930424	11
GeneID:12930425	65
GeneID:12930426	62
GeneID:12930427	739
GeneID:12930428	34
GeneID:12930429	9
GeneID:12930430	3
GeneID:12930431	8
GeneID:12930432	87
GeneID:12930433	56
GeneID:12930434	38
GeneID:12930435	1231
GeneID:12930436	67
GeneID:12930437	8985
GeneID:12930438	542
GeneID:12930439	409
GeneID:12930440	20
GeneID:12930441	9
GeneID:12930442	200
GeneID:12930443	204
GeneID:12930444	8
GeneID:12930445	219
GeneID:12930446	60
GeneID:12930447	0
GeneID:12930448	11
GeneID:12930449	7
GeneID:12930450	245
GeneID:12930451	6
GeneID:12930452	0
GeneID:12930453	13
GeneID:12930454	57
GeneID:12930455	1277
GeneID:12930456	70
GeneID:12930457	134
GeneID:12930458	39
GeneID:12930459	67
GeneID:12930460	2
GeneID:12930461	2
GeneID:12930462	1
GeneID:12930463	0
GeneID:12930464	1936
GeneID:12930465	30
GeneID:12930466	166
GeneID:12930467	0
GeneID:12930468	47
GeneID:12930469	180
GeneID:12930470	226
GeneID:12930471	20
GeneID:12930472	273
GeneID:12930473	533
GeneID:12930474	1123
GeneID:12930475	48
GeneID:12930476	0
GeneID:12930477	11
GeneID:12930478	14
GeneID:12930479	111
GeneID:12930480	123
GeneID:12930481	12
GeneID:12930482	13
GeneID:12930483	168
GeneID:12930484	241
GeneID:12930485	76
GeneID:12930486	18
GeneID:12930487	1
GeneID:12930488	188
GeneID:12930489	83
GeneID:12930490	24
GeneID:12930491	106
GeneID:12930492	69
GeneID:12930493	32
GeneID:12930494	101
GeneID:12930495	50357
GeneID:12930496	1
GeneID:12930497	2
GeneID:12930498	84
GeneID:12930499	949
GeneID:12930500	2484
GeneID:12930501	12
GeneID:12930502	43
GeneID:12930503	5
GeneID:12930504	82
GeneID:12930505	35
GeneID:12930506	9
GeneID:12930507	1
GeneID:12930508	147
GeneID:12930509	0
GeneID:12930510	5127
GeneID:12930511	445
GeneID:12930512	4958
GeneID:12930513	23
GeneID:12930514	6876
GeneID:12930515	5412
GeneID:12930516	661
GeneID:12930517	644
GeneID:12930518	8709
GeneID:12930519	751
GeneID:12930520	1182
GeneID:12930521	4
GeneID:12930522	89
GeneID:12930523	2342
GeneID:12930524	5
GeneID:12930525	3
GeneID:12930526	6367
GeneID:12930527	8
GeneID:12930528	118
GeneID:12930529	162
GeneID:12930530	547
GeneID:12930531	7
GeneID:12930532	1
GeneID:12930533	324
GeneID:12930534	18568
GeneID:12930535	121
GeneID:12930536	145
GeneID:12930537	11
GeneID:12930538	96
GeneID:12930539	1083
GeneID:12930540	241
GeneID:12930541	303
GeneID:12930542	456
GeneID:12930543	1441
GeneID:12930544	50
GeneID:12930545	8
GeneID:12930546	24
GeneID:12930547	35
GeneID:12930548	20
GeneID:12930549	362
GeneID:12930550	15
GeneID:12930551	16
GeneID:12930552	24
GeneID:12930553	43
GeneID:12930554	1
GeneID:12930555	1
GeneID:12930556	189
GeneID:12930557	1505
GeneID:12930558	66
GeneID:12930559	33
GeneID:12930560	59
GeneID:12930561	37
GeneID:12930562	80
GeneID:12930563	0
GeneID:12930564	39
GeneID:12930565	46
GeneID:12930566	15
GeneID:12930567	4
GeneID:12930568	90
GeneID:12930569	139
GeneID:12930570	47
GeneID:12930571	637
GeneID:12930572	0
GeneID:12930573	223
GeneID:12930574	324
GeneID:12930575	1
GeneID:12930576	462
GeneID:12930577	44
GeneID:12930578	19
GeneID:12930579	0
GeneID:12930580	88
GeneID:12930581	136
GeneID:12930582	221
GeneID:12930583	258
GeneID:12930584	164
GeneID:12930585	1542
GeneID:12930586	1
GeneID:12930587	101
GeneID:12930588	824
GeneID:12930589	69
GeneID:12930590	654
GeneID:12930591	14
GeneID:12930592	181
GeneID:12930593	85
GeneID:12930594	228
GeneID:12930595	1470
GeneID:12930596	256
GeneID:12930597	38
GeneID:12930598	1387
GeneID:12930599	117
GeneID:12930600	58
GeneID:12930601	236
GeneID:12930602	0
GeneID:12930603	2335
GeneID:12930604	886
GeneID:12930605	41
GeneID:12930606	1115
GeneID:12930607	13
GeneID:12930608	94
GeneID:12930609	540
GeneID:12930610	77
GeneID:12930611	1518
GeneID:12930612	140
GeneID:12930613	8
GeneID:12930614	207
GeneID:12930615	129
GeneID:12930616	0
GeneID:12930617	611
GeneID:12930618	23
GeneID:12930619	372
GeneID:12930620	8
GeneID:12930621	13
GeneID:12930622	640
GeneID:12930623	181
GeneID:12930624	51
GeneID:12930625	262
GeneID:12930626	222
GeneID:12930627	0
GeneID:12930628	78
GeneID:12930629	39
GeneID:12930630	0
GeneID:12930631	1
GeneID:12930632	127
GeneID:12930633	45
GeneID:12930634	1
GeneID:12930635	2
GeneID:12930636	16
GeneID:12930637	12
GeneID:12930638	517
GeneID:12930639	66
GeneID:12930640	1056
GeneID:12930641	2133
GeneID:12930642	8
GeneID:12930643	0
GeneID:12930644	314
GeneID:12930645	1297
GeneID:12930646	1086
GeneID:12930647	2470
GeneID:12930648	72
GeneID:12930649	81
GeneID:12930650	2229
GeneID:12930651	1976
GeneID:12930652	10
GeneID:12930653	197
GeneID:12930654	197
GeneID:12930655	1175
GeneID:12930656	0
GeneID:12930657	20
GeneID:12930658	0
GeneID:12930659	170
GeneID:12930660	8
GeneID:12930661	1
GeneID:12930662	2274
GeneID:12930663	814
GeneID:12930664	1681
GeneID:12930665	150
GeneID:12930666	6
GeneID:12930667	0
GeneID:12930668	28
GeneID:12930669	40
GeneID:12930670	6
GeneID:12930671	0
GeneID:12930672	16
GeneID:12930673	16
GeneID:12930674	206
GeneID:12930675	9
GeneID:12930676	69
GeneID:12930677	18
GeneID:12930678	410
GeneID:12930679	3651
GeneID:12930680	1055
GeneID:12930681	40
GeneID:12930682	18
GeneID:12930683	25
GeneID:12930684	1202
GeneID:12930685	655
GeneID:12930686	600
GeneID:12930687	59
GeneID:12930688	290
GeneID:12930689	91
GeneID:12930690	608
GeneID:12930691	507
GeneID:12930692	52
GeneID:12930693	1
GeneID:12930694	0
GeneID:12930695	1
GeneID:12930696	2
GeneID:12930697	6
GeneID:12930698	58
GeneID:12930699	3
GeneID:12930700	23
GeneID:12930701	46
GeneID:12930702	0
GeneID:12930703	1741
GeneID:12930704	285
GeneID:12930705	15
GeneID:12930706	2061
GeneID:12930707	2840
GeneID:12930708	92
GeneID:12930709	272
GeneID:12930710	190
GeneID:12930711	47
GeneID:12930712	1136
GeneID:12930713	758
GeneID:12930714	16215
GeneID:12930715	1286
GeneID:12930716	16114
GeneID:12930717	38
GeneID:12930718	12
GeneID:12930719	1
GeneID:12930720	453
GeneID:12930721	9
GeneID:12930722	2875
GeneID:12930723	1323
GeneID:12930724	0
GeneID:12930725	180
GeneID:12930726	128
GeneID:12930727	36
GeneID:12930728	8
GeneID:12930729	2319
GeneID:12930730	57
GeneID:12930731	780
GeneID:12930732	613
GeneID:12930733	70
GeneID:12930734	311
GeneID:12930735	23
GeneID:12930736	401
GeneID:12930737	116
GeneID:12930738	164
GeneID:12930739	795
GeneID:12930740	142
GeneID:12930741	53
GeneID:12930742	38
GeneID:12930743	0
GeneID:12930744	2
GeneID:12930745	2
GeneID:12930746	8
GeneID:12930747	3
GeneID:12930748	3334
GeneID:12930749	266
GeneID:12930750	32
GeneID:12930751	556
GeneID:12930752	1671
GeneID:12930753	378
GeneID:12930754	2581
GeneID:12930755	34
GeneID:12930756	1697
GeneID:12930757	234
GeneID:12930758	157
GeneID:12930759	1386
GeneID:12930760	94
GeneID:12930761	69
GeneID:12930762	77
GeneID:12930763	110
GeneID:12930764	6
GeneID:12930765	1
GeneID:12930766	5
GeneID:12930767	6
GeneID:12930768	21
GeneID:12930769	5
GeneID:12930770	1
GeneID:12930771	3485
GeneID:12930772	1
GeneID:12930773	537
GeneID:12930774	663
GeneID:12930775	4
GeneID:12930776	2201
GeneID:12930777	40
GeneID:12930778	120
GeneID:12930779	151
GeneID:12930780	4
GeneID:12930781	34
GeneID:12930782	17
GeneID:12930783	179
GeneID:12930784	27
GeneID:12930785	23
GeneID:12930786	4
GeneID:12930787	3
GeneID:12930788	4
GeneID:12930789	420
GeneID:12930790	165
GeneID:12930791	1
GeneID:12930792	7
GeneID:12930793	148
GeneID:12930794	4
GeneID:12930795	12
GeneID:12930796	8
GeneID:12930797	1
GeneID:12930798	23
GeneID:12930799	1
GeneID:12930800	1
GeneID:12930801	0
GeneID:12930802	23
GeneID:12930803	29
GeneID:12930804	0
GeneID:12930805	1
GeneID:12930806	55
GeneID:12930807	77
GeneID:12930808	143
GeneID:12930809	0
GeneID:12930810	8
GeneID:12930811	47
GeneID:12930812	77
GeneID:12930813	209
GeneID:12930814	0
GeneID:12930815	1
GeneID:12930816	3
GeneID:12930817	5
GeneID:12930818	131
GeneID:12930819	415
GeneID:12930820	58
GeneID:12930821	3
GeneID:12930822	53
GeneID:12930823	283
GeneID:12930824	159
GeneID:12930825	231
GeneID:12930826	3
GeneID:12930827	223
GeneID:12930828	1
GeneID:12930829	3
GeneID:12930830	28
GeneID:12930831	18
GeneID:12930832	274
GeneID:12930833	505
GeneID:12930834	15
GeneID:12930835	82
GeneID:12930836	4
GeneID:12930837	123
GeneID:12930838	45
GeneID:12930839	255
GeneID:12930840	368
GeneID:12930841	305
GeneID:12930842	19
GeneID:12930843	662
GeneID:12930844	125
GeneID:12930845	5265
GeneID:12930846	278
GeneID:12930847	5632
GeneID:12930848	331
GeneID:12930849	658
GeneID:12930850	212
GeneID:12930851	45
GeneID:12930852	497
GeneID:12930853	69
GeneID:12930854	140
GeneID:12930855	110
GeneID:12930856	170
GeneID:12930857	2
GeneID:12930858	49
GeneID:12930859	535
GeneID:12930860	114
GeneID:12930861	83
GeneID:12930862	56
GeneID:12930863	132
GeneID:12930864	178
GeneID:12930865	2047
GeneID:12930866	716
GeneID:12930867	52
GeneID:12930868	39
GeneID:12930869	1
GeneID:12930870	0
GeneID:12930871	41
GeneID:12930872	7
GeneID:12930873	2
GeneID:12930874	1
GeneID:12930875	23
GeneID:12930876	43
GeneID:12930877	387
GeneID:12930878	8
GeneID:12930879	15
GeneID:12930880	0
GeneID:12930881	268
GeneID:12930882	1
GeneID:12930883	0
GeneID:12930884	0
GeneID:12930885	53
GeneID:12930886	6
GeneID:12930887	164
GeneID:12930888	542
GeneID:12930889	10882
GeneID:12930890	3
GeneID:12930891	4
GeneID:12930892	0
GeneID:12930893	7
GeneID:12930894	0
GeneID:12930895	5
GeneID:12930896	61
GeneID:12930897	43
GeneID:12930898	18
GeneID:12930899	19656
GeneID:12930900	701
GeneID:12930901	138
GeneID:12930902	18
GeneID:12930903	28
GeneID:12930904	0
GeneID:12930905	17
GeneID:12930906	260
GeneID:12930907	105
GeneID:12930908	12
GeneID:12930909	0
GeneID:12930910	0
GeneID:12930911	61
GeneID:12930912	0
GeneID:12930913	1
GeneID:12930914	218
GeneID:12930915	39
GeneID:12930916	148
GeneID:12930917	296
GeneID:12930918	143
GeneID:12930919	167
GeneID:12930920	174
GeneID:12930921	551
GeneID:12930922	271
GeneID:12930923	42
GeneID:12930924	25
GeneID:12930925	11
GeneID:12930926	40
GeneID:12930927	772
GeneID:12930928	601
GeneID:12930929	7
GeneID:12930930	26
GeneID:12930931	161
GeneID:12930932	0
GeneID:12930933	6
GeneID:12930934	39
GeneID:12930935	1
GeneID:12930936	0
GeneID:12930937	538
GeneID:12930938	1
GeneID:12930939	205
GeneID:12930940	3
GeneID:12930941	57
GeneID:12930942	12346
GeneID:12930943	67
GeneID:12930944	61
GeneID:12930945	0
GeneID:12930946	3
GeneID:12930947	32055
GeneID:12930948	3479
GeneID:12930949	2319
GeneID:12930950	22184
GeneID:12930951	14460
GeneID:12930952	19572
GeneID:12930953	91
GeneID:12930954	190
GeneID:12930955	12
GeneID:12930956	408
GeneID:12930957	377
GeneID:12930958	11
GeneID:12930959	30
GeneID:12930960	1
GeneID:12930961	12
GeneID:12930962	9
GeneID:12930963	492
GeneID:12930964	148
GeneID:12930965	8
GeneID:12930966	222
GeneID:12930967	89
GeneID:12930968	9
GeneID:12930969	19
GeneID:12930970	183
GeneID:12930971	440
GeneID:12930972	811
GeneID:12930973	10
GeneID:12930974	12
GeneID:12930975	66
GeneID:12930976	1716
GeneID:12930977	1481
GeneID:12930978	63
GeneID:12930979	1289
GeneID:12930980	9692
GeneID:12930981	16
GeneID:12930982	0
GeneID:12930983	142
GeneID:12930984	12
GeneID:12930985	268
GeneID:12930986	271
GeneID:12930987	344
GeneID:12930988	433
GeneID:12930989	105
GeneID:12930990	59
GeneID:12930991	12
GeneID:12930992	44
GeneID:12930993	16
GeneID:12930994	87
GeneID:12930995	1
GeneID:12930996	20
GeneID:12930997	242
GeneID:12930998	126
GeneID:12930999	119
GeneID:12931000	49
GeneID:12931001	14
GeneID:12931002	4
GeneID:12931003	176
GeneID:12931004	148
GeneID:12931005	5
GeneID:12931006	8
GeneID:12931007	202
GeneID:12931008	151
GeneID:12931009	171
GeneID:12931010	403
GeneID:12931011	13
GeneID:12931012	809
GeneID:12931013	386
GeneID:12931014	3
GeneID:12931015	253
GeneID:12931016	255
GeneID:12931017	276
GeneID:12931018	6
GeneID:12931019	413
GeneID:12931020	99
GeneID:12931021	278
GeneID:12931022	1187
GeneID:12931023	2
GeneID:12931024	46575
GeneID:12931025	4754
GeneID:12931026	239
GeneID:12931027	3081
GeneID:12931028	6
GeneID:12931029	0
GeneID:12931030	333
GeneID:12931031	256
GeneID:12931032	422
GeneID:12931033	65
GeneID:12931034	104
GeneID:12931035	36
GeneID:12931036	440
GeneID:12931037	122
GeneID:12931038	18897
GeneID:12931039	15
GeneID:12931040	13
GeneID:12931041	0
GeneID:12931042	1
GeneID:12931043	1247
GeneID:12931044	1
GeneID:12931045	21
GeneID:12931046	0
GeneID:12931047	39
GeneID:12931048	43
GeneID:12931049	0
GeneID:12931050	1
GeneID:12931051	2
GeneID:12931052	0
GeneID:12931053	5
GeneID:12931054	0
GeneID:12931055	0
GeneID:12931056	12
GeneID:12931057	992
GeneID:12931058	89
GeneID:12931059	146
GeneID:12931060	559
GeneID:12931061	10
GeneID:12931062	3
GeneID:12931063	29
GeneID:12931064	22
GeneID:12931065	0
GeneID:12931066	529
GeneID:12931067	331
GeneID:12931068	207
GeneID:12931069	52
GeneID:12931070	120
GeneID:12931071	38
GeneID:12931072	3
GeneID:12931073	36
GeneID:12931074	20
GeneID:12931075	961
GeneID:12931076	1567
GeneID:12931077	43
GeneID:12931078	1799
GeneID:12931079	74
GeneID:12931080	8802
GeneID:12931081	19
GeneID:12931082	422
GeneID:12931083	114
GeneID:12931084	448
GeneID:12931085	83
GeneID:12931086	2982
GeneID:12931087	27
GeneID:12931088	305
GeneID:12931089	403
GeneID:12931090	167
GeneID:12931091	84
GeneID:12931092	760
GeneID:12931093	3
GeneID:12931094	167
GeneID:12931095	399
GeneID:12931096	2
GeneID:12931097	1
GeneID:12931098	81
GeneID:12931099	376
GeneID:12931100	459
GeneID:12931101	106
GeneID:12931102	10
GeneID:12931103	13
GeneID:12931104	653
GeneID:12931105	81
GeneID:12931106	5
GeneID:12931107	354
GeneID:12931108	411
GeneID:12931109	91
GeneID:12931110	9329
GeneID:12931111	4550
GeneID:12931112	415
GeneID:12931113	227
GeneID:12931114	12
GeneID:12931115	935
GeneID:12931116	0
GeneID:12931117	11
GeneID:12931118	451
GeneID:12931119	57
GeneID:12931120	2743
GeneID:12931121	212
GeneID:12931122	26
GeneID:12931123	746
GeneID:12931124	0
GeneID:12931125	0
GeneID:12931126	129
GeneID:12931127	775
GeneID:12931128	189
GeneID:12931129	37
GeneID:12931130	35
GeneID:12931131	70
GeneID:12931132	104
GeneID:12931133	29
GeneID:12931134	203
GeneID:12931135	303
GeneID:12931136	164
GeneID:12931137	32
GeneID:12931138	66
GeneID:12931139	94
GeneID:12931140	3456
GeneID:12931141	3343
GeneID:12931142	65
GeneID:12931143	12
GeneID:12931144	359
GeneID:12931145	170
GeneID:12931146	196
GeneID:12931147	130
GeneID:12931148	60
GeneID:12931149	0
GeneID:12931150	0
GeneID:12931151	0
GeneID:12931152	1
GeneID:12931153	37
GeneID:12931154	89
GeneID:12931155	64
GeneID:12931156	515
GeneID:12931157	4099
GeneID:12931158	452
GeneID:12931159	146
GeneID:12931160	45
GeneID:12931161	1032
GeneID:12931162	0
GeneID:12931163	0
GeneID:12931164	0
GeneID:12931165	0
GeneID:12931166	0
GeneID:12931167	0
GeneID:12931168	0
GeneID:12931169	0
GeneID:12931170	0
GeneID:12931171	0
GeneID:12931172	0
GeneID:12931173	0
GeneID:12931174	0
GeneID:12931175	0
GeneID:12931176	36
GeneID:12931177	0
GeneID:12931178	0
GeneID:12931179	51547
GeneID:12931180	292
GeneID:12931181	43
GeneID:12931182	14
GeneID:12931183	22
GeneID:12931184	51
GeneID:12931185	53
GeneID:12931186	4
GeneID:12931187	16
GeneID:12931188	0
GeneID:12931189	2183
GeneID:12931190	26
GeneID:12931191	3
GeneID:12931192	168
GeneID:12931193	19
GeneID:12931194	179
GeneID:12931195	23
GeneID:12931196	52
GeneID:12931197	25
GeneID:12931198	305
GeneID:12931199	26
GeneID:12931200	93
GeneID:12931201	152
GeneID:12931202	8
GeneID:12931203	74
GeneID:12931204	1096
GeneID:12931205	11
GeneID:12931206	10
GeneID:12931207	0
GeneID:12931208	16
GeneID:12931209	0
GeneID:12931210	0
GeneID:12931211	22
GeneID:12931212	482
GeneID:12931213	0
GeneID:12931214	1559
GeneID:12931215	280
GeneID:12931216	12
GeneID:12931217	51
GeneID:12931218	0
GeneID:12931219	35
GeneID:12931220	8
GeneID:12931221	1
GeneID:12931222	0
GeneID:12931223	6
GeneID:12931224	1
GeneID:12931225	169
GeneID:12931226	81
GeneID:12931227	27
GeneID:12931228	26
GeneID:12931229	128
GeneID:12931230	963
GeneID:12931231	869
GeneID:12931232	780
GeneID:12931233	277
GeneID:12931234	277
GeneID:12931235	9
GeneID:12931236	65
GeneID:12931237	4
GeneID:12931238	34
GeneID:12931239	90
GeneID:12931240	184
GeneID:12931241	75
GeneID:12931242	4
GeneID:12931243	0
GeneID:12931244	119
GeneID:12931245	0
GeneID:12931246	2
GeneID:12931247	0
GeneID:12931248	86
GeneID:12931249	128
GeneID:12931250	96
GeneID:12931251	2
GeneID:12931252	0
GeneID:12931253	1
GeneID:12931254	1
GeneID:12931255	4
GeneID:12931256	0
GeneID:12931257	944
GeneID:12931258	34
GeneID:12931259	62
GeneID:12931260	59
GeneID:12931261	659
GeneID:12931262	611
GeneID:12931263	74
GeneID:12931264	670
GeneID:12931265	17
GeneID:12931266	543
GeneID:12931267	16
GeneID:12931268	11
GeneID:12931269	15
GeneID:12931270	216
GeneID:12931271	4937
GeneID:12931272	40
GeneID:12931273	84
GeneID:12931274	269
GeneID:12931275	515
GeneID:12931276	23
GeneID:12931277	563
GeneID:12931278	564
GeneID:12931279	11
GeneID:12931280	44
GeneID:12931281	782
GeneID:12931282	31921
GeneID:12931283	95
GeneID:12931284	45
GeneID:12931285	82
GeneID:12931286	125
GeneID:12931287	140
GeneID:12931288	174
GeneID:12931289	37
GeneID:12931290	1055
GeneID:12931291	10
GeneID:12931292	130
GeneID:12931293	717
GeneID:12931294	462
GeneID:12931295	151
GeneID:12931296	7
GeneID:12931297	7
GeneID:12931298	75
GeneID:12931299	18
GeneID:12931300	4
GeneID:12931301	0
GeneID:12931302	86
GeneID:12931303	6
GeneID:12931304	313
GeneID:12931305	31
GeneID:12931306	185
GeneID:12931307	99
GeneID:12931309	2959
GeneID:12931310	2
GeneID:12931311	29
GeneID:12931312	24
GeneID:12931313	2098
GeneID:12931314	12545
GeneID:12931315	315
GeneID:12931316	144
GeneID:12931317	1634
GeneID:12931318	198
GeneID:12931319	47
GeneID:12931320	1
GeneID:12931321	64
GeneID:12931322	109
GeneID:12931323	427
GeneID:12931324	4
GeneID:12931325	19
GeneID:12931326	26
GeneID:12931327	13
GeneID:12931328	721
GeneID:12931329	155
GeneID:12931330	71
GeneID:12931331	70
GeneID:12931332	18
GeneID:12931333	35
GeneID:12931334	80
GeneID:12931335	37
GeneID:12931336	161
GeneID:12931337	35
GeneID:12931338	16
GeneID:12931339	50
GeneID:12931340	474
GeneID:12931341	112
GeneID:12931342	6
GeneID:12931343	22
GeneID:12931344	192
GeneID:12931345	321
GeneID:12931346	105
GeneID:12931347	259
GeneID:12931348	420
GeneID:12931349	41
GeneID:12931350	46
GeneID:12931351	45
GeneID:12931352	18
GeneID:12931353	375
GeneID:12931354	281
GeneID:12931355	80
GeneID:12931356	6
GeneID:12931357	185
GeneID:12931358	591
GeneID:12931359	300
GeneID:12931360	5
GeneID:12931361	864
GeneID:12931362	39
GeneID:12931363	20
GeneID:12931364	72
GeneID:12931365	142
GeneID:12931366	114
GeneID:12931367	41
GeneID:12931368	101
GeneID:12931369	212
GeneID:12931370	137
GeneID:12931371	388
GeneID:12931372	172
GeneID:12931373	93
GeneID:12931374	532
GeneID:12931375	4
GeneID:12931376	573
GeneID:12931377	170
GeneID:12931378	39
GeneID:12931379	93
GeneID:12931380	294
GeneID:12931381	16
GeneID:12931382	103
GeneID:12931383	969
GeneID:12931384	459
GeneID:12931385	461
GeneID:12931386	233
GeneID:12931387	140
GeneID:12931388	7
GeneID:12931389	1833
GeneID:12931390	1414
GeneID:12931391	823
GeneID:12931392	56
GeneID:12931393	20
GeneID:12931394	1175
GeneID:12931395	235
GeneID:12931396	1161
GeneID:12931397	971
GeneID:12931398	185
GeneID:12931399	10
GeneID:12931400	1035
GeneID:12931401	13
GeneID:12931402	2
GeneID:12931403	137
GeneID:12931404	78
GeneID:12931405	4
GeneID:12931406	280
GeneID:12931407	1006
GeneID:12931408	71
GeneID:12931409	223
GeneID:12931410	243
GeneID:12931411	340
GeneID:12931412	14
GeneID:12931413	9
GeneID:12931414	0
GeneID:12931415	82
GeneID:12931416	453
GeneID:12931417	3
GeneID:12931418	274
GeneID:12931419	41
GeneID:12931420	333
GeneID:12931421	25
GeneID:12931422	48
GeneID:12931423	60
GeneID:12931424	350
GeneID:12931425	123
GeneID:12931426	205
GeneID:12931427	210
GeneID:12931428	26
GeneID:12931429	30
GeneID:12931430	2
GeneID:12931431	6
GeneID:12931432	13
GeneID:12931433	65
GeneID:12931434	37
GeneID:12931435	3063
GeneID:12931436	12314
GeneID:12931437	10035
GeneID:12931438	7652
GeneID:12931439	67
GeneID:12931440	1
GeneID:12931441	3
GeneID:12931442	0
GeneID:12931443	5
GeneID:12931444	540
GeneID:12931445	0
GeneID:12931446	1
GeneID:12931447	10
GeneID:12931448	5
GeneID:12931449	8
GeneID:12931450	167
GeneID:12931451	16
GeneID:12931452	12
GeneID:12931453	10
GeneID:12931454	12
GeneID:12931455	13
GeneID:12931456	27
GeneID:12931457	702
GeneID:12931458	2122
GeneID:12931459	155
GeneID:12931460	8
GeneID:12931461	0
GeneID:12931462	0
GeneID:12931463	29
GeneID:12931464	119
GeneID:12931465	14
GeneID:12931466	15
GeneID:12931467	125
GeneID:12931468	26
GeneID:12931469	240
GeneID:12931470	93
GeneID:12931471	12
GeneID:12931472	137
GeneID:12931473	180
GeneID:12931474	55
GeneID:12931475	134
GeneID:12931476	252
GeneID:12931477	145
GeneID:12931478	591
GeneID:12931479	115
GeneID:12931480	105
GeneID:12931481	70
GeneID:12931482	232
GeneID:12931483	133
GeneID:12931484	425
GeneID:12931485	6
GeneID:12931486	79
GeneID:12931487	68
GeneID:12931488	137
GeneID:12931489	35
GeneID:12931490	10
GeneID:12931491	16
GeneID:12931492	125
GeneID:12931493	2
GeneID:12931494	55
GeneID:12931495	17
GeneID:12931496	14
GeneID:12931497	280
GeneID:12931498	831
GeneID:12931499	58
GeneID:12931500	46
GeneID:12931501	0
GeneID:12931502	15
GeneID:12931503	48
GeneID:12931504	7
GeneID:12931505	5
GeneID:12931506	0
GeneID:12931507	4
GeneID:12931508	40
GeneID:12931509	343
GeneID:12931510	497
GeneID:12931511	48
GeneID:12931512	228
GeneID:12931513	116
GeneID:12931514	479
GeneID:12931515	1440
GeneID:12931516	1681
GeneID:12931517	3756
GeneID:12931518	13825
GeneID:12931519	6383
GeneID:12931520	324
GeneID:12931521	330
GeneID:12931522	52
GeneID:12931523	11
GeneID:12931524	262
GeneID:12931525	512
GeneID:12931526	208
GeneID:12931527	0
GeneID:12931528	122
GeneID:12931529	268
GeneID:12931530	1557
GeneID:12931531	2634
GeneID:12931532	68
GeneID:12931533	180
GeneID:12931534	245
GeneID:12931535	111
GeneID:12931536	0
GeneID:12931537	3
GeneID:12931538	416
GeneID:12931539	2099
GeneID:12931540	1275
GeneID:12931541	169
GeneID:12931542	2908
GeneID:12931543	2
GeneID:12931544	455
GeneID:12931545	19
GeneID:12931546	1
GeneID:12931547	72
GeneID:12931548	275
GeneID:12931549	175
GeneID:12931550	0
GeneID:12931551	57
GeneID:12931552	4
GeneID:12931553	6
GeneID:12931554	15
GeneID:12931555	0
GeneID:12931556	1
GeneID:12931557	0
GeneID:12931558	26
GeneID:12931559	146
GeneID:12931560	109
GeneID:12931561	221
GeneID:12931562	4
GeneID:12931563	0
GeneID:12931564	173
GeneID:12931565	256
GeneID:12931566	57
GeneID:12931567	7
GeneID:12931568	5
GeneID:12931569	748
GeneID:12931570	0
GeneID:12931571	7
GeneID:12931572	9
GeneID:12931573	5
GeneID:12931574	290
GeneID:12931575	157
GeneID:12931576	4934
GeneID:12931577	76
GeneID:12931578	2738
GeneID:12931579	121
GeneID:12931580	83
GeneID:12931581	66
GeneID:12931582	99
GeneID:12931583	162
GeneID:12931584	223
GeneID:12931585	6
GeneID:12931586	338
GeneID:12931587	202
GeneID:12931588	6
GeneID:12931589	102
GeneID:12931590	160
GeneID:12931591	7
GeneID:12931592	148
GeneID:12931593	1308
GeneID:12931594	526
GeneID:12931595	1284
GeneID:12931596	813
GeneID:12931597	77
GeneID:12931598	3394
GeneID:12931599	43
GeneID:12931600	438
GeneID:12931601	2
GeneID:12931602	1686
GeneID:12931603	179
GeneID:12931604	91
GeneID:12931605	180
GeneID:12931606	46
GeneID:12931607	488
GeneID:12931608	880
GeneID:12931609	486
GeneID:12931610	31
GeneID:12931611	28
GeneID:12931612	1672
GeneID:12931613	206
GeneID:12931614	2472
GeneID:12931615	0
GeneID:12931616	11
GeneID:12931617	197
GeneID:12931618	35
GeneID:12931619	6694
GeneID:12931620	128
GeneID:12931621	1050
GeneID:12931622	1193
GeneID:12931623	56
GeneID:12931624	2587
GeneID:12931625	89
GeneID:12931626	155
GeneID:12931627	6
GeneID:12931628	267
GeneID:12931629	210
GeneID:12931630	157
GeneID:12931631	12
GeneID:12931632	0
GeneID:12931633	1
GeneID:12931634	2
GeneID:12931635	1
GeneID:12931636	2
GeneID:12931637	12
GeneID:12931638	3
GeneID:12931639	2
GeneID:12931640	42
GeneID:12931641	274
GeneID:12931642	214
GeneID:12931643	127
GeneID:12931644	872
GeneID:12931645	14
GeneID:12931646	18
GeneID:12931647	4
GeneID:12931648	2639
GeneID:12931649	514
GeneID:12931650	13
GeneID:12931651	7
GeneID:12931652	21
GeneID:12931653	13
GeneID:12931654	683
GeneID:12931655	294
GeneID:12931656	2
GeneID:12931657	47
GeneID:12931658	1759
GeneID:12931659	65
GeneID:12931660	2
GeneID:12931661	231
GeneID:12931662	25
GeneID:12931663	404
GeneID:12931664	34
GeneID:12931665	110
GeneID:12931666	94
GeneID:12931667	386
GeneID:12931668	297
GeneID:12931669	0
GeneID:12931670	606
GeneID:12931671	2
GeneID:12931672	46
GeneID:12931673	674
GeneID:12931674	275
GeneID:12931675	1
GeneID:12931676	223
GeneID:12931677	76
GeneID:12931678	471
GeneID:12931679	151
GeneID:12931680	0
GeneID:12931681	0
GeneID:12931682	4
GeneID:12931683	1
GeneID:12931684	3
GeneID:12931685	118
GeneID:12931686	395
GeneID:12931687	0
GeneID:12931688	3121
GeneID:12931689	1478
GeneID:12931690	278
GeneID:12931691	938
GeneID:12931692	971
GeneID:12931693	10
GeneID:12931694	9
GeneID:12931695	77
GeneID:12931696	62
GeneID:12931697	5
GeneID:12931698	27
GeneID:12931699	25
GeneID:12931700	5
GeneID:12931701	7
GeneID:12931702	1014
GeneID:12931703	1877
GeneID:12931704	386
GeneID:12931705	1
GeneID:12931706	8
GeneID:12931707	12
GeneID:12931708	3
GeneID:12931709	245
GeneID:12931710	89
GeneID:12931711	71
GeneID:12931712	1620
GeneID:12931713	26
GeneID:12931714	142
GeneID:12931715	3
GeneID:12931716	175
GeneID:12931717	10
GeneID:12931718	3
GeneID:12931719	31
GeneID:12931720	47
GeneID:12931721	110
GeneID:12931722	13
GeneID:12931723	12
GeneID:12931724	735
GeneID:12931725	31
GeneID:12931726	4
GeneID:12931727	52
GeneID:12931728	419
GeneID:12931729	605
GeneID:12931730	2032
GeneID:12931731	610
GeneID:12931732	7
GeneID:12931733	26
GeneID:12931734	19
GeneID:12931735	36
GeneID:12931736	4
GeneID:12931737	9
GeneID:12931738	1648
GeneID:12931739	8928
GeneID:12931740	2457
GeneID:12931741	2147
GeneID:12931742	1148
GeneID:12931743	771
GeneID:12931744	22
GeneID:12931745	9
GeneID:12931746	17
GeneID:12931747	3156
GeneID:12931748	66
GeneID:12931749	1
GeneID:12931750	2
GeneID:12931751	0
GeneID:12931752	35
GeneID:12931753	87
GeneID:12931754	9
GeneID:12931755	145
GeneID:12931756	4
GeneID:12931757	0
GeneID:12931758	375
GeneID:12931759	75
GeneID:12931760	397
GeneID:12931761	370
GeneID:12931762	113
GeneID:12931763	286
GeneID:12931764	131
GeneID:12931765	69
GeneID:12931767	327
GeneID:12931768	324
GeneID:12931769	5
GeneID:12931770	2
GeneID:12931771	17
GeneID:12931772	1
GeneID:12931773	593
GeneID:12931774	681
GeneID:12931775	307
GeneID:12931776	0
GeneID:12931777	137
GeneID:12931778	20
GeneID:12931779	1
GeneID:12931780	283
GeneID:12931781	95
GeneID:12931782	1122
GeneID:12931783	5
GeneID:12931784	2
GeneID:12931785	20721
GeneID:12931786	1
GeneID:12931787	3
GeneID:12931788	0
GeneID:12931789	18
GeneID:12931790	116
GeneID:12931791	3
GeneID:12931792	15
GeneID:12931793	37
GeneID:12931794	29
GeneID:12931795	19
GeneID:12931796	41
GeneID:12931797	252
GeneID:12931798	98
GeneID:12931799	4214
GeneID:12931800	39
GeneID:12931801	3555
GeneID:12931802	109
GeneID:12931803	511
GeneID:12931804	2032
GeneID:12931805	499
GeneID:12931806	460
GeneID:12931807	138
GeneID:12931808	14
GeneID:12931809	1024
GeneID:12931810	78
GeneID:12931811	442
GeneID:12931812	5
GeneID:12931813	5
GeneID:12931814	202
GeneID:12931815	16
GeneID:12931816	0
GeneID:12931817	3532
GeneID:12931818	4612
GeneID:12931819	2324
GeneID:12931820	176
GeneID:12931821	656
GeneID:12931822	310
GeneID:12931823	5
GeneID:12931824	179
GeneID:12931825	9
GeneID:12931826	19
GeneID:12931827	1504
GeneID:12931828	337
GeneID:12931829	133
GeneID:12931830	17
GeneID:12931831	342
GeneID:12931832	2
GeneID:12931833	11
GeneID:12931834	1146
GeneID:12931835	2415
GeneID:12931836	717
GeneID:12931837	40
GeneID:12931838	7
GeneID:12931839	967
GeneID:12931840	14
GeneID:12931841	6508
GeneID:12931842	130
GeneID:12931843	186
GeneID:12931844	15
GeneID:12931845	13
GeneID:12931846	21
GeneID:12931847	23
GeneID:12931848	103
GeneID:12931849	67
GeneID:12931850	641
GeneID:12931851	84
GeneID:12931852	10
GeneID:12931853	360
GeneID:12931854	25
GeneID:12931855	64
GeneID:12931856	1110
GeneID:12931857	14
GeneID:12931858	336
GeneID:12931859	41
GeneID:12931860	3
GeneID:12931861	17
GeneID:12931862	442
GeneID:12931863	209
GeneID:12931864	19
GeneID:12931865	274
GeneID:12931866	0
GeneID:12931867	2
GeneID:12931868	6
GeneID:12931869	7
GeneID:12931870	1
GeneID:12931871	215
GeneID:12931872	11
GeneID:12931873	5
GeneID:12931874	2692
GeneID:12931875	231
GeneID:12931876	581
GeneID:12931877	2318
GeneID:12931878	363
GeneID:12931879	8
GeneID:12931880	33
GeneID:12931881	0
GeneID:12931882	43
GeneID:12931883	22
GeneID:12931884	15
GeneID:12931885	912
GeneID:12931886	495
GeneID:12931887	38
GeneID:12931888	302
GeneID:12931889	786
GeneID:12931890	23
GeneID:12931891	4352
GeneID:12931892	13
GeneID:12931893	5735
GeneID:12931894	6010
GeneID:12931895	4
GeneID:12931896	7
GeneID:12931897	143
GeneID:12931898	120
GeneID:12931899	1
GeneID:12931900	2
GeneID:12931901	40
GeneID:12931902	2
GeneID:12931903	33
GeneID:12931904	162
GeneID:12931905	35
GeneID:12931906	50
GeneID:12931907	3
GeneID:12931908	10
GeneID:12931909	29
GeneID:12931910	5
GeneID:12931911	49
GeneID:12931912	245
GeneID:12931913	0
GeneID:12931914	17
GeneID:12931915	24
GeneID:12931916	538
GeneID:12931917	15
GeneID:12931918	45
GeneID:12931919	29
GeneID:12931920	8
GeneID:12931921	9
GeneID:12931922	0
GeneID:12931923	12
GeneID:12931924	39
GeneID:12931925	20
GeneID:12931926	51
GeneID:12931927	55
GeneID:12931928	7
GeneID:12931929	7
GeneID:12931930	105
GeneID:12931931	4403
GeneID:12931932	44
GeneID:12931933	59
GeneID:12931934	91
GeneID:12931935	32
GeneID:12931936	38
GeneID:12931937	383
GeneID:12931938	803
GeneID:12931939	121
GeneID:12931940	44
GeneID:12931941	416
GeneID:12931942	118
GeneID:12931943	54
GeneID:12931944	1597
GeneID:12931945	106
GeneID:12931946	331
GeneID:12931947	218
GeneID:12931948	38
GeneID:12931949	81
GeneID:12931950	673
GeneID:12931951	129
GeneID:12931952	99
GeneID:12931953	391
GeneID:12931954	567
GeneID:12931955	613
GeneID:12931956	5
GeneID:12931957	2676
GeneID:12931958	6
GeneID:12931959	0
GeneID:12931960	7186
GeneID:12931961	3
GeneID:12931962	75
GeneID:12931963	0
GeneID:12931964	711
GeneID:12931965	13
GeneID:12931966	7
GeneID:12931967	37
GeneID:12931968	39
GeneID:12931969	28
GeneID:12931970	1214
GeneID:12931971	128
GeneID:12931972	19
GeneID:12931973	4
GeneID:12931974	1
GeneID:12931975	22
GeneID:12931976	25
GeneID:12931977	15
GeneID:12931978	45
GeneID:12931979	131
GeneID:12931980	15
GeneID:12931981	422
GeneID:12931982	16
GeneID:12931983	29
GeneID:12931984	91
GeneID:12931985	75
GeneID:12931986	42
GeneID:12931987	31
GeneID:12931988	13
GeneID:12931989	684
GeneID:12931990	34
GeneID:12931991	18253
GeneID:12931992	30
GeneID:12931993	244
GeneID:12931994	72
GeneID:12931995	81
GeneID:12931996	17
GeneID:12931997	604
GeneID:12931998	266
GeneID:12931999	280
GeneID:12932000	2361
GeneID:12932001	132
GeneID:12932002	450
GeneID:12932003	290
GeneID:12932004	26
GeneID:12932005	1603
GeneID:12932006	55
GeneID:12932007	0
GeneID:12932008	5
GeneID:12932009	1643
GeneID:12932010	72
GeneID:12932011	199
GeneID:12932012	6
GeneID:12932013	151
GeneID:12932014	1
GeneID:12932015	5
GeneID:12932016	650
GeneID:12932017	106
GeneID:12932018	341
GeneID:12932019	344
GeneID:12932020	1559
GeneID:12932021	685
GeneID:12932022	54
GeneID:12932023	7
GeneID:12932024	4
GeneID:12932025	4475
GeneID:12932026	548
GeneID:12932027	822
GeneID:12932028	791
GeneID:12932029	3075
GeneID:12932030	0
GeneID:12932031	186
GeneID:12932032	233
GeneID:12932033	92
GeneID:12932034	1620
GeneID:12932035	1322
GeneID:12932036	572
GeneID:12932037	1024
GeneID:12932038	1001
GeneID:12932039	1159
GeneID:12932040	163
GeneID:12932041	22
GeneID:12932042	386
GeneID:12932043	30
GeneID:12932044	83
GeneID:12932045	27
GeneID:12932046	13
GeneID:12932047	2
GeneID:12932048	522
GeneID:12932049	228
GeneID:12932050	194
GeneID:12932051	63
GeneID:12932052	55
GeneID:12932053	61
GeneID:12932054	46
GeneID:12932055	24
GeneID:12932056	0
GeneID:12932057	40
GeneID:12932058	77
GeneID:12932059	18
GeneID:12932060	99
GeneID:12932061	5
GeneID:12932062	16
GeneID:12932063	2
GeneID:12932064	1657
GeneID:12932065	323
GeneID:12932066	547
GeneID:12932067	202
GeneID:12932068	0
GeneID:12932069	267
GeneID:12932070	0
GeneID:12932071	52
GeneID:12932072	581
GeneID:12932073	7
GeneID:12932074	2587
GeneID:12932075	160
GeneID:12932076	2
GeneID:12932077	2
GeneID:12932078	70
GeneID:12932079	30
GeneID:12932080	1540
GeneID:12932081	452
GeneID:12932082	195
GeneID:12932083	18
GeneID:12932084	144
GeneID:12932085	162
GeneID:12932086	524
GeneID:12932087	638
GeneID:12932088	835
GeneID:12932089	30
GeneID:12932090	7
GeneID:12932091	187
GeneID:12932092	4
GeneID:12932093	10
GeneID:12932094	2
GeneID:12932095	0
GeneID:12932096	4
GeneID:12932097	991
GeneID:12932098	0
GeneID:12932099	2556
GeneID:12932100	136
GeneID:12932101	123
GeneID:12932102	371
GeneID:12932103	946
GeneID:12932104	14
GeneID:12932105	877
GeneID:12932106	0
GeneID:12932107	345
GeneID:12932108	130
GeneID:12932109	53
GeneID:12932110	20
GeneID:12932111	9
GeneID:12932112	67
GeneID:12932113	428
GeneID:12932114	612
GeneID:12932115	8
GeneID:12932116	27
GeneID:12932117	718
GeneID:12932118	355
GeneID:12932119	333
GeneID:12932120	507
GeneID:12932121	512
GeneID:12932122	131
GeneID:12932123	1994
GeneID:12932124	775
GeneID:12932125	14
GeneID:12932126	18
GeneID:12932127	2917
GeneID:12932128	242
GeneID:12932129	42
GeneID:12932130	103
GeneID:12932131	52
GeneID:12932132	172
GeneID:12932133	127
GeneID:12932134	174
GeneID:12932135	11
GeneID:12932136	58
GeneID:12932137	20
GeneID:12932138	0
GeneID:12932139	49
GeneID:12932140	55
GeneID:12932141	68
GeneID:12932142	7
GeneID:12932143	47
GeneID:12932144	0
GeneID:12932145	0
GeneID:12932146	23
GeneID:12932147	14
GeneID:12932148	1
GeneID:12932149	0
GeneID:12932150	6
GeneID:12932151	0
GeneID:12932152	101
GeneID:12932153	176
GeneID:12932154	155
GeneID:12932155	3
GeneID:12932156	88
GeneID:12932157	505
GeneID:12932158	1954
GeneID:12932159	0
GeneID:12932160	936
GeneID:12932161	44
GeneID:12932162	196
GeneID:12932163	119
GeneID:12932164	48
GeneID:12932165	129
GeneID:12932166	8
GeneID:12932167	59
GeneID:12932168	134
GeneID:12932169	164
GeneID:12932170	17
GeneID:12932171	23
GeneID:12932172	1022
GeneID:12932173	28
GeneID:12932174	10
GeneID:12932175	314
GeneID:12932176	37
GeneID:12932177	63
GeneID:12932178	6
GeneID:12932179	785
GeneID:12932180	77
GeneID:12932181	73
GeneID:12932182	15867
GeneID:12932183	3953
GeneID:12932184	4
GeneID:12932185	485
GeneID:12932186	256
GeneID:12932187	1
GeneID:12932188	0
GeneID:12932189	1
GeneID:12932190	1057
GeneID:12932191	4
GeneID:12932192	62
GeneID:12932193	143
GeneID:12932194	40
GeneID:12932195	4100
GeneID:12932196	106
GeneID:12932197	20
GeneID:12932198	225
GeneID:12932199	1103
GeneID:12932200	1
GeneID:12932201	5
GeneID:12932202	9
GeneID:12932203	43
GeneID:12932204	455
GeneID:12932205	2
GeneID:12932206	486
GeneID:12932207	181
GeneID:12932208	76
GeneID:12932209	1
GeneID:12932210	59
GeneID:12932211	107
GeneID:12932212	2
GeneID:12932213	1468
GeneID:12932214	526
GeneID:12932215	4214
GeneID:12932216	462
GeneID:12932217	15
GeneID:12932218	340
GeneID:12932219	244
GeneID:12932220	33
GeneID:12932221	71
GeneID:12932222	919
GeneID:12932223	90
GeneID:12932224	34
GeneID:12932225	653
GeneID:12932226	14
GeneID:12932227	44
GeneID:12932228	213
GeneID:12932229	8
GeneID:12932230	813
GeneID:12932231	43
GeneID:12932232	63
GeneID:12932233	86
GeneID:12932234	99
GeneID:12932235	43
GeneID:12932236	45
GeneID:12932237	273
GeneID:12932238	329
GeneID:12932239	11
GeneID:12932240	339
GeneID:12932241	0
GeneID:12932242	1393
GeneID:12932243	163
GeneID:12932244	125
GeneID:12932245	35
GeneID:12932246	27
GeneID:12932247	2
GeneID:12932248	42
GeneID:12932249	96
GeneID:12932250	1
GeneID:12932251	23
GeneID:12932252	17
GeneID:12932253	229
GeneID:12932254	224
GeneID:12932255	7
GeneID:12932256	1434
GeneID:12932257	1376
GeneID:12932258	1443
GeneID:12932259	1887
GeneID:12932260	4
GeneID:12932261	274
GeneID:12932262	554
GeneID:12932263	187
GeneID:12932264	200
GeneID:12932265	314
GeneID:12932266	10
GeneID:12932267	5
GeneID:12932268	11
GeneID:12932269	2206
GeneID:12932270	69
GeneID:12932271	111
GeneID:12932272	590
GeneID:12932273	1140
GeneID:12932274	0
GeneID:12932275	18
GeneID:12932276	133
GeneID:12932277	1265
GeneID:12932278	291
GeneID:12932279	1196
GeneID:12932280	0
GeneID:12932281	108
GeneID:12932282	219
GeneID:12932283	42
GeneID:12932284	17
GeneID:12932285	21
GeneID:12932286	10
GeneID:12932287	2202
GeneID:12932288	258
GeneID:12932289	4630
GeneID:12932290	5
GeneID:12932291	15
GeneID:12932292	7134
GeneID:12932293	3812
GeneID:12932294	2386
GeneID:12932295	7365
GeneID:12932296	2640
GeneID:12932297	4039
GeneID:12932298	6073
GeneID:12932299	2967
GeneID:12932300	15
GeneID:12932301	3
GeneID:12932302	1
GeneID:12932303	10
GeneID:12932304	10
GeneID:12932305	100
GeneID:12932306	22
GeneID:12932307	726
GeneID:12932308	333
GeneID:12932309	7260
GeneID:12932310	270
GeneID:12932311	2262
GeneID:12932312	580
GeneID:12932313	1199
GeneID:12932314	64
GeneID:12932315	53
GeneID:12932316	107
GeneID:12932317	9
GeneID:12932318	72
GeneID:12932319	33
GeneID:12932320	10762
GeneID:12932321	9
GeneID:12932322	17
GeneID:12932323	4
GeneID:12932324	27
GeneID:12932325	3174
GeneID:12932326	7950
GeneID:12932327	207
GeneID:12932328	8
GeneID:12932329	21
GeneID:12932330	683
GeneID:12932331	33
GeneID:12932332	173
GeneID:12932333	52
GeneID:12932334	2
GeneID:12932335	0
GeneID:12932336	98
GeneID:12932337	48
GeneID:12932338	52
GeneID:12932339	10
GeneID:12932340	5
GeneID:12932341	95
GeneID:12932342	373
GeneID:12932343	1694
GeneID:12932344	334
GeneID:12932345	450
GeneID:12932346	44
GeneID:12932347	30
GeneID:12932348	0
GeneID:12932349	3
GeneID:12932350	1
GeneID:12932351	0
GeneID:12932352	0
GeneID:12932353	197
GeneID:12932354	0
GeneID:12932355	963
GeneID:12932356	711
GeneID:12932357	231
GeneID:12932358	0
GeneID:12932359	368
GeneID:12932360	4072
GeneID:12932361	330
GeneID:12932362	40
GeneID:12932363	291
GeneID:12932364	231
GeneID:12932365	176
GeneID:12932366	544
GeneID:12932367	2294
GeneID:12932368	368
GeneID:12932369	139
GeneID:12932370	206
GeneID:12932371	241
GeneID:12932372	52
GeneID:12932373	84
GeneID:12932374	90
GeneID:12932375	2041
GeneID:12932376	14884
GeneID:12932377	3915
GeneID:12932378	22
GeneID:12932379	19
GeneID:12932380	26
GeneID:12932381	3839
GeneID:12932382	3
GeneID:12932383	20
GeneID:12932384	17
GeneID:12932385	303
GeneID:12932386	30
GeneID:12932387	29
GeneID:12932388	152
GeneID:12932389	852
GeneID:12932390	90
GeneID:12932391	30
GeneID:12932392	2036
GeneID:12932393	246
GeneID:12932394	222
GeneID:12932395	14
GeneID:12932396	936
GeneID:12932397	255
GeneID:12932398	29
GeneID:12932399	7
GeneID:12932400	8
GeneID:12932401	133
GeneID:12932402	306
GeneID:12932403	112
GeneID:12932404	45
GeneID:12932405	14
GeneID:12932406	29975
GeneID:12932407	208
GeneID:12932408	169
GeneID:12932409	3655
GeneID:12932410	5
GeneID:12932411	82
GeneID:12932412	64
GeneID:12932413	3
GeneID:12932414	10
GeneID:12932415	5
GeneID:12932416	1
GeneID:12932417	2
GeneID:12932418	235
GeneID:12932419	117
GeneID:12932420	42
GeneID:12932421	236
GeneID:12932422	526
GeneID:12932423	13
GeneID:12932424	4
GeneID:12932425	170
GeneID:12932426	1
GeneID:12932427	808
GeneID:12932428	28
GeneID:12932429	25
GeneID:12932430	49
GeneID:12932431	72
GeneID:12932432	4
GeneID:12932433	43
GeneID:12932434	4
GeneID:12932435	4
GeneID:12932436	4
GeneID:12932437	9
GeneID:12932438	6
GeneID:12932439	118
GeneID:12932440	619
GeneID:12932441	170
GeneID:12932442	111
GeneID:12932443	31
GeneID:12932444	176
GeneID:12932445	698
GeneID:12932446	248
GeneID:12932447	7
GeneID:12932448	236
GeneID:12932449	18
GeneID:12932450	24
GeneID:12932451	16
GeneID:12932452	4
GeneID:12932453	12
GeneID:12932454	7
GeneID:12932455	10
GeneID:12932456	12
GeneID:12932457	473
GeneID:12932458	8
GeneID:12932459	12
GeneID:12932460	93
GeneID:12932461	4
GeneID:12932462	0
GeneID:12932463	2369
GeneID:12932464	0
GeneID:12932465	184
GeneID:12932466	50
GeneID:12932467	32
GeneID:12932468	0
GeneID:12932469	5
GeneID:12932470	210
GeneID:12932471	4
GeneID:12932472	2117
GeneID:12932473	10385
GeneID:12932474	1574
GeneID:12932475	95
GeneID:12932476	377
GeneID:12932477	0
GeneID:12932478	4
GeneID:12932479	473
GeneID:12932480	16
GeneID:12932481	0
GeneID:12932482	42
GeneID:12932483	650
GeneID:12932484	345
GeneID:12932485	240
GeneID:12932486	2672
GeneID:12932487	3
GeneID:12932488	153
GeneID:12932489	104
GeneID:12932490	19
GeneID:12932491	2396
GeneID:12932492	174
GeneID:12932493	11
GeneID:12932494	73
GeneID:12932495	21
GeneID:12932496	274
GeneID:12932497	61
GeneID:12932498	18
GeneID:12932499	1
GeneID:12932500	14
GeneID:12932501	2
GeneID:12932502	35
GeneID:12932503	765
GeneID:12932504	104
GeneID:12932505	12
GeneID:12932506	2071
GeneID:12932507	13
GeneID:12932508	454
GeneID:12932509	42
GeneID:12932510	525
GeneID:12932511	2
GeneID:12932512	30
GeneID:12932513	467
GeneID:12932514	0
GeneID:12932515	20
GeneID:12932516	29
GeneID:12932517	2112
GeneID:12932518	0
GeneID:12932519	312
GeneID:12932520	38
GeneID:12932521	621
GeneID:12932522	10
GeneID:12932523	113
GeneID:12932524	92
GeneID:12932525	0
GeneID:12932526	5
GeneID:12932527	1535
GeneID:12932528	235
GeneID:12932529	169
GeneID:12932530	0
GeneID:12932531	653
GeneID:12932532	922
GeneID:12932533	40
GeneID:12932534	1
GeneID:12932535	1
GeneID:12932536	244
GeneID:12932537	609
GeneID:12932538	113
GeneID:12932539	2
GeneID:12932540	49
GeneID:12932541	0
GeneID:12932542	25
GeneID:12932543	8
GeneID:12932544	66
GeneID:12932545	504
GeneID:12932546	36
GeneID:12932547	399
GeneID:12932548	19
GeneID:12932549	1
GeneID:12932550	2
GeneID:12932551	15
GeneID:12932552	361
GeneID:12932553	1
GeneID:12932554	0
GeneID:12932555	615
GeneID:12932556	62
GeneID:12932557	2
GeneID:12932558	29
GeneID:12932559	303
GeneID:12932560	1153
GeneID:12932561	116
GeneID:12932562	30
GeneID:12932563	8
GeneID:12932564	28
GeneID:12932565	34
GeneID:12932566	38
GeneID:12932567	9
GeneID:12932568	270
GeneID:12932569	64
GeneID:12932570	48
GeneID:12932571	56
GeneID:12932572	0
GeneID:12932573	27
GeneID:12932574	6
GeneID:12932575	21
GeneID:12932576	1428
GeneID:12932577	6
GeneID:12932578	0
GeneID:12932579	0
GeneID:12932580	2038
GeneID:12932581	18
GeneID:12932582	16
GeneID:12932583	153
GeneID:12932584	3141
GeneID:12932585	114
GeneID:12932586	21
GeneID:12932587	7
GeneID:12932588	42
GeneID:12932589	1094
GeneID:12932590	21
GeneID:12932591	149
GeneID:12932592	0
GeneID:12932593	339
GeneID:12932594	767
GeneID:12932595	35
GeneID:12932596	0
GeneID:12932597	35
GeneID:12932598	318
GeneID:12932599	123
GeneID:12932600	3
GeneID:12932601	2837
GeneID:12932602	3
GeneID:12932603	26
GeneID:12932604	34
GeneID:12932605	1
GeneID:12932606	1
GeneID:12932607	0
GeneID:12932608	2
GeneID:12932609	0
GeneID:12932610	5
GeneID:12932611	3
GeneID:12932612	17
GeneID:12932613	865
GeneID:12932614	1359
GeneID:12932615	50
GeneID:12932616	51
GeneID:12932617	1
GeneID:12932618	1
GeneID:12932619	1019
GeneID:12932620	4685
GeneID:12932621	23
GeneID:12932622	81
GeneID:12932623	28
GeneID:12932624	8061
GeneID:12932625	0
GeneID:12932626	87
GeneID:12932627	75
GeneID:12932628	14
GeneID:12932629	90
GeneID:12932630	30
GeneID:12932631	16
GeneID:12932632	76
GeneID:12932633	0
GeneID:12932634	88
GeneID:12932635	1796
GeneID:12932636	15
GeneID:12932637	277
GeneID:12932638	505
GeneID:12932639	15
GeneID:12932640	93
GeneID:12932641	18
GeneID:12932642	43
GeneID:12932643	483
GeneID:12932644	169
GeneID:12932645	507
GeneID:12932646	359
GeneID:12932647	741
GeneID:12932648	657
GeneID:12932649	152
GeneID:12932650	77
GeneID:12932651	1430
GeneID:12932652	69
GeneID:12932653	242
GeneID:12932654	64
GeneID:12932655	194
GeneID:12932656	171
GeneID:12932657	194
GeneID:12932658	398
GeneID:12932659	1
GeneID:12932660	271
GeneID:12932661	50
GeneID:12932662	314
GeneID:12932663	265
GeneID:12932664	75
GeneID:12932665	111
GeneID:12932666	0
GeneID:12932667	38
GeneID:12932668	1
GeneID:12932669	45
GeneID:12932670	58
GeneID:12932671	182
GeneID:12932672	84
GeneID:12932673	37
GeneID:12932674	14
GeneID:12932675	0
GeneID:12932676	35
GeneID:12932677	34
GeneID:12932678	0
GeneID:12932679	70
GeneID:12932680	179
GeneID:12932681	292
GeneID:12932682	784
GeneID:12932683	113
GeneID:12932684	55
GeneID:12932685	387
GeneID:12932686	268
GeneID:12932687	28
GeneID:12932688	120
GeneID:12932689	48
GeneID:12932690	30
GeneID:12932691	153
GeneID:12932692	0
GeneID:12932693	2401
GeneID:12932694	67
GeneID:12932695	833
GeneID:12932696	982
GeneID:12932697	30
GeneID:12932698	7
GeneID:12932699	205
GeneID:12932700	14
GeneID:12932701	73
GeneID:12932702	54
GeneID:12932703	1
GeneID:12932704	157
GeneID:12932705	197
GeneID:12932706	4
GeneID:12932707	1450
GeneID:12932708	403
GeneID:12932709	574
GeneID:12932710	9
GeneID:12932711	418
GeneID:12932712	117
GeneID:12932713	203
GeneID:12932714	831
GeneID:12932715	731
GeneID:12932716	1143
GeneID:12932717	870
GeneID:12932718	143
GeneID:12932719	57
GeneID:12932720	205
GeneID:12932721	919
GeneID:12932722	340
GeneID:12932723	30
GeneID:12932724	427
GeneID:12932725	91
GeneID:12932726	1168
GeneID:12932727	46
GeneID:12932728	72
GeneID:12932729	117
GeneID:12932730	69
GeneID:12932731	778
GeneID:12932732	1
GeneID:12932733	341
GeneID:12932734	133
GeneID:12932735	74
GeneID:12932736	7
GeneID:12932737	225
GeneID:12932738	100
GeneID:12932739	16
GeneID:12932740	411
GeneID:12932741	10
GeneID:12932742	1048
GeneID:12932743	109
GeneID:12932744	8
GeneID:12932745	919
GeneID:12932746	949
GeneID:12932747	493
GeneID:12932748	264
GeneID:12932749	2
GeneID:12932750	56
GeneID:12932751	90
GeneID:12932752	571
GeneID:12932753	588
GeneID:12932754	58
GeneID:12932755	259
GeneID:12932756	1
GeneID:12932757	18
GeneID:12932758	66
GeneID:12932759	3
GeneID:12932760	346
GeneID:12932761	33
GeneID:12932762	7
GeneID:12932763	6
GeneID:12932764	12
GeneID:12932765	0
GeneID:12932766	558
GeneID:12932767	339
GeneID:12932768	2029
GeneID:12932769	187
GeneID:12932770	190
GeneID:12932771	27
GeneID:12932772	128
GeneID:12932773	3
GeneID:12932774	0
GeneID:12932775	18
GeneID:12932776	28
GeneID:12932777	5
GeneID:12932778	8
GeneID:12932779	1
GeneID:12932780	13
GeneID:12932781	4
GeneID:12932782	1
GeneID:12932783	180
GeneID:12932784	87
GeneID:12932785	218
GeneID:12932786	80
GeneID:12932787	211
GeneID:12932788	63
GeneID:12932789	0
GeneID:12932790	99
GeneID:12932791	905
GeneID:12932792	100
GeneID:12932793	987
GeneID:12932794	80
GeneID:12932795	8
GeneID:12932796	53
GeneID:12932797	7
GeneID:12932798	541
GeneID:12932799	40
GeneID:12932800	26
GeneID:12932801	247
GeneID:12932802	9
GeneID:12932803	1501
GeneID:12932804	66
GeneID:12932805	273
GeneID:12932806	319
GeneID:12932807	0
GeneID:12932808	20
GeneID:12932809	642
GeneID:12932810	136
GeneID:12932811	9
GeneID:12932812	1
GeneID:12932813	28
GeneID:12932814	25
GeneID:12932815	130
GeneID:12932816	2
GeneID:12932817	146
GeneID:12932818	545
GeneID:12932819	153
GeneID:12932820	2
GeneID:12932821	138
GeneID:12932822	3
GeneID:12932823	5
GeneID:12932824	18795
GeneID:12932825	12
GeneID:12932826	19
GeneID:12932827	558
GeneID:12932828	17
GeneID:12932829	51
GeneID:12932830	88
GeneID:12932831	372
GeneID:12932832	257
GeneID:12932833	148
GeneID:12932834	1461
GeneID:12932835	61
GeneID:12932836	101
GeneID:12932837	121
GeneID:12932838	1
GeneID:12932839	871
GeneID:12932840	48
GeneID:12932841	59
GeneID:12932842	253
GeneID:12932843	182
GeneID:12932844	1595
GeneID:12932845	699
GeneID:12932846	94
GeneID:12932847	10
GeneID:12932848	1
GeneID:12932849	0
GeneID:12932850	1
GeneID:12932851	65
GeneID:12932852	2
GeneID:12932853	74
GeneID:12932854	520
GeneID:12932855	113
GeneID:12932856	219
GeneID:12932857	92
GeneID:12932858	0
GeneID:12932859	214
GeneID:12932860	0
GeneID:12932861	100
GeneID:12932862	29
GeneID:12932863	681
GeneID:12932864	3743
GeneID:12932865	415
GeneID:12932866	197
GeneID:12932867	62
GeneID:12932868	3
GeneID:12932869	411
GeneID:12932870	136
GeneID:12932871	300
GeneID:12932872	138
GeneID:12932873	0
GeneID:12932874	94
GeneID:12932875	302
GeneID:12932876	168
GeneID:12932877	8
GeneID:12932878	190
GeneID:12932879	36
GeneID:12932880	13
GeneID:12932881	366
GeneID:12932882	240
GeneID:12932883	92
GeneID:12932884	1615
GeneID:12932885	2
GeneID:12932886	4084
GeneID:12932887	310
GeneID:12932888	225
GeneID:12932889	478
GeneID:12932890	62
GeneID:12932891	259
GeneID:12932892	1016
GeneID:12932893	3482
GeneID:12932894	19
GeneID:12932895	39
GeneID:12932896	65
GeneID:12932897	48
GeneID:12932898	1473
GeneID:12932899	123
GeneID:12932900	4285
GeneID:12932901	86
GeneID:12932902	3
GeneID:12932903	3147
GeneID:12932904	3578
GeneID:12932905	22
GeneID:12932906	827
GeneID:12932907	12
GeneID:12932908	49850
GeneID:12932909	2
GeneID:12932910	340
GeneID:12932911	102
GeneID:12932912	196
GeneID:12932913	556
GeneID:12932914	23
GeneID:12932915	553
GeneID:12932916	1955
GeneID:12932917	177
GeneID:12932918	415
GeneID:12932919	175
GeneID:12932920	3179
GeneID:12932921	125
GeneID:12932922	767
GeneID:12932923	63265
GeneID:12932924	11
GeneID:12932925	73
GeneID:12932926	0
GeneID:12932927	795
GeneID:12932928	30
GeneID:12932929	63
GeneID:12932930	238
GeneID:12932931	70
GeneID:12932932	85
GeneID:12932933	121
GeneID:12932934	41
GeneID:12932935	0
GeneID:12932936	90
GeneID:12932937	366
GeneID:12932938	48
GeneID:12932939	718
GeneID:12932940	586
GeneID:12932941	798
GeneID:12932942	13
GeneID:12932943	170
GeneID:12932944	15
GeneID:12932945	5783
GeneID:12932946	1310
GeneID:12932947	280
GeneID:12932948	593
GeneID:12932949	301
GeneID:12932950	97
GeneID:12932951	25
GeneID:12932952	0
GeneID:12932953	0
GeneID:12932954	0
GeneID:12932955	0
GeneID:12932956	6447
GeneID:12932957	17
GeneID:12932958	0
GeneID:12932959	1
GeneID:12932960	43
GeneID:12932961	102
GeneID:12932962	112
GeneID:12932963	265
GeneID:12932964	125
GeneID:12932965	1394
GeneID:12932966	21
GeneID:12932967	67
GeneID:12932968	191
GeneID:12932969	331
GeneID:12932970	2745
GeneID:12932971	7
GeneID:12932972	398
GeneID:12932973	500
GeneID:12932974	1978
GeneID:12932975	0
GeneID:12932976	2316
GeneID:12932977	1910
GeneID:12932978	210
GeneID:12932979	1
GeneID:12932980	111
GeneID:12932981	42
GeneID:12932982	22
GeneID:12932983	78
GeneID:12932984	163
GeneID:12932985	5
GeneID:12932986	195
GeneID:12932987	189
GeneID:12932988	49
GeneID:12932989	1068
GeneID:12932990	1592
GeneID:12932991	2
GeneID:12932992	85
GeneID:12932993	42
GeneID:12932994	20
GeneID:12932995	704
GeneID:12932996	91
GeneID:12932997	400
GeneID:12932998	539
GeneID:12932999	1
GeneID:12933000	20
GeneID:12933001	21
GeneID:12933002	0
GeneID:12933003	1
GeneID:12933004	0
GeneID:12933005	2
GeneID:12933006	60
GeneID:12933007	158
GeneID:12933008	12
GeneID:12933009	890
GeneID:12933010	4
GeneID:12933011	197
GeneID:12933012	22
GeneID:12933013	43
GeneID:12933014	135
GeneID:12933015	39
GeneID:12933016	44
GeneID:12933017	108
GeneID:12933018	7
GeneID:12933019	17
GeneID:12933020	999
GeneID:12933021	429
GeneID:12933022	78
GeneID:12933023	2
GeneID:12933024	178
GeneID:12933025	0
GeneID:12933026	2
GeneID:12933027	1
GeneID:12933028	4
GeneID:12933029	9
GeneID:12933030	115
GeneID:12933031	7
GeneID:12933032	151
GeneID:12933033	15
GeneID:12933034	154
GeneID:12933035	398
GeneID:12933036	164
GeneID:12933037	330
GeneID:12933038	72
GeneID:12933039	2
GeneID:12933040	45
GeneID:12933041	276
GeneID:12933042	23
GeneID:12933043	7
GeneID:12933044	4
GeneID:12933045	155
GeneID:12933046	22
GeneID:12933047	3
GeneID:12933048	16
GeneID:12933049	30
GeneID:12933050	4
GeneID:12933051	1
GeneID:12933052	243
GeneID:12933053	132
GeneID:12933054	76
GeneID:12933055	43
GeneID:12933056	108
GeneID:12933057	29
GeneID:12933058	0
GeneID:12933059	74
GeneID:12933060	634
GeneID:12933061	50
GeneID:12933062	59
GeneID:12933063	17
GeneID:12933064	364
GeneID:12933065	28
GeneID:12933066	76
GeneID:12933067	98
GeneID:12933068	112
GeneID:12933069	4
GeneID:12933070	230
GeneID:12933071	125
GeneID:12933072	153
GeneID:12933073	976
GeneID:12933074	12
GeneID:12933075	8534
GeneID:12933076	253
GeneID:12933077	486
GeneID:12933078	78
GeneID:12933079	320
GeneID:12933080	2
GeneID:12933081	197
GeneID:12933082	0
GeneID:12933083	182
GeneID:12933084	121
GeneID:12933085	88
GeneID:12933086	271
GeneID:12933087	54
GeneID:12933088	4
GeneID:12933089	38
GeneID:12933090	8512
GeneID:12933091	20
GeneID:12933092	924
GeneID:12933093	346
GeneID:12933094	2553
GeneID:12933095	2
GeneID:12933096	69
GeneID:12933097	32
GeneID:12933098	410
GeneID:12933099	8
GeneID:12933100	278
GeneID:12933101	56
GeneID:12933102	82
GeneID:12933103	2
GeneID:12933104	282
GeneID:12933105	431
GeneID:12933106	2
GeneID:12933107	49
GeneID:12933108	1
GeneID:12933109	1
GeneID:12933110	4
GeneID:12933111	134
GeneID:12933112	85
GeneID:12933113	96
GeneID:12933114	5
GeneID:12933115	4810
GeneID:12933116	831
GeneID:12933117	3859
GeneID:12933118	1
GeneID:12933119	17
GeneID:12933120	6
GeneID:12933121	21
GeneID:12933122	51
GeneID:12933123	29
GeneID:12933124	0
GeneID:12933125	99
GeneID:12933126	4351
GeneID:12933127	187
GeneID:12933128	174
GeneID:12933129	55
GeneID:12933130	21
GeneID:12933131	72
GeneID:12933132	89
GeneID:12933133	31
GeneID:12933134	34
GeneID:12933135	299
GeneID:12933136	1884
GeneID:12933137	14
GeneID:12933138	2688
GeneID:12933139	111
GeneID:12933140	1
GeneID:12933141	154
GeneID:12933142	4514
GeneID:12933143	0
GeneID:12933144	22
GeneID:12933145	79
GeneID:12933146	21
GeneID:12933147	212
GeneID:12933148	21
GeneID:12933149	1803
GeneID:12933150	0
GeneID:12933151	2
GeneID:12933152	581
GeneID:12933153	21
GeneID:12933154	14
GeneID:12933155	231
GeneID:12933156	21
GeneID:12933157	36
GeneID:12933158	16
GeneID:12933159	7
GeneID:12933160	579
GeneID:12933161	53
GeneID:12933162	75
GeneID:12933163	72
GeneID:12933164	468
GeneID:12933165	1518
GeneID:12933166	120
GeneID:12933167	58
GeneID:12933168	45
GeneID:12933169	5
GeneID:12933170	9
GeneID:12933171	3
GeneID:12933172	0
GeneID:12933173	0
GeneID:12933174	1
GeneID:12933175	505
GeneID:12933176	190
GeneID:12933177	340
GeneID:12933178	229
GeneID:12933179	32
GeneID:12933180	67
GeneID:12933181	4
GeneID:12933182	233
GeneID:12933183	63
GeneID:12933184	340
GeneID:12933185	3
GeneID:12933186	152
GeneID:12933187	15926
GeneID:12933188	1864
GeneID:12933189	650
GeneID:12933190	1011
GeneID:12933191	1
GeneID:12933192	44
GeneID:12933193	175
GeneID:12933194	7
GeneID:12933195	150
GeneID:12933196	36
GeneID:12933197	7
GeneID:12933198	5030
GeneID:12933199	5273
GeneID:12933200	507
GeneID:12933201	76
GeneID:12933202	46
GeneID:12933203	47
GeneID:12933204	2206
GeneID:12933205	102
GeneID:12933206	138
GeneID:12933207	23
GeneID:12933208	9
GeneID:12933209	0
GeneID:12933210	12
GeneID:12933211	157
GeneID:12933212	0
GeneID:12933213	27
GeneID:12933214	7
GeneID:12933215	28
GeneID:12933216	2
GeneID:12933217	0
GeneID:12933218	6
GeneID:12933219	6
GeneID:12933220	682
GeneID:12933221	13
GeneID:12933222	310
GeneID:12933223	48
GeneID:12933224	777
GeneID:12933225	36
GeneID:12933226	11
GeneID:12933227	568
GeneID:12933228	68
GeneID:12933229	77
GeneID:12933230	51
GeneID:12933231	523
GeneID:12933232	82
GeneID:12933233	6159
GeneID:12933234	838
GeneID:12933235	414
GeneID:12933236	6
GeneID:12933237	47
GeneID:12933238	10
GeneID:12933239	15
GeneID:12933240	879
GeneID:12933241	979
GeneID:12933242	991
GeneID:12933243	123
GeneID:12933244	3
GeneID:12933245	497
GeneID:12933246	77
GeneID:12933247	195
GeneID:12933248	593
GeneID:12933249	14
GeneID:12933250	209
GeneID:12933251	27
GeneID:12933252	0
GeneID:12933253	63
GeneID:12933254	515
GeneID:12933255	22
GeneID:12933256	0
GeneID:12933257	0
GeneID:12933258	0
GeneID:12933259	0
GeneID:12933260	0
GeneID:12933261	0
GeneID:12933262	1
GeneID:12933263	0
GeneID:12933264	0
GeneID:12933265	6
GeneID:12933266	159
GeneID:12933267	29
GeneID:12933268	28
GeneID:12933269	5
GeneID:12933270	1465
GeneID:12933271	213
GeneID:12933272	231
GeneID:12933273	42
GeneID:12933274	40
GeneID:12933275	31
GeneID:12933276	3859
GeneID:12933277	1193
GeneID:12933278	131
GeneID:12933279	171
GeneID:12933280	6046
GeneID:12933281	33
GeneID:12933282	666
GeneID:12933283	523
GeneID:12933284	608
GeneID:12933285	116
GeneID:12933286	111
GeneID:12933287	134
GeneID:12933288	53
GeneID:12933289	214
GeneID:12933290	0
GeneID:12933291	333
GeneID:12933292	268
GeneID:12933293	83
GeneID:12933294	34
GeneID:12933295	32
GeneID:12933296	6
GeneID:12933297	12
GeneID:12933298	11
GeneID:12933299	1
GeneID:12933300	37
GeneID:12933301	65
GeneID:12933302	1
GeneID:12933303	5598
GeneID:12933304	1169
GeneID:12933305	205
GeneID:12933306	65
GeneID:12933307	152
GeneID:12933308	282
GeneID:12933309	30
GeneID:12933310	29
GeneID:12933311	180
GeneID:12933312	60
GeneID:12933313	568
GeneID:12933314	355
GeneID:12933315	66
GeneID:12933316	151
GeneID:12933317	0
GeneID:12933318	111
GeneID:12933319	0
GeneID:12933320	29
GeneID:12933321	19
GeneID:12933322	2
GeneID:12933323	9
GeneID:12933324	245
GeneID:12933325	104
GeneID:12933326	23
GeneID:12933327	19
GeneID:12933328	10
GeneID:12933329	35
GeneID:12933330	43
GeneID:12933331	34
GeneID:12933332	8
GeneID:12933333	7
GeneID:12933334	56
GeneID:12933335	9
GeneID:12933336	17
GeneID:12933337	5203
GeneID:12933338	63
GeneID:12933339	75
GeneID:12933340	2
GeneID:12933341	29
GeneID:12933342	2
GeneID:12933343	2495
GeneID:12933344	410
GeneID:12933345	199
GeneID:12933346	216
GeneID:12933347	204
GeneID:12933348	450
GeneID:12933349	7527
GeneID:12933350	442
GeneID:12933351	643
GeneID:12933352	3237
GeneID:12933353	139
GeneID:12933354	4
GeneID:12933355	0
GeneID:12933356	2
GeneID:12933357	1
GeneID:12933358	169
GeneID:12933359	2
GeneID:12933360	246
GeneID:12933361	1
GeneID:12933362	6
GeneID:12933363	430
GeneID:12933364	191
GeneID:12933365	117
GeneID:12933366	110
GeneID:12933367	70
GeneID:12933368	610
GeneID:12933369	4
GeneID:12933370	0
GeneID:12933371	1011
GeneID:12933372	168
GeneID:12933373	169
GeneID:12933374	335
GeneID:12933375	1772
GeneID:12933376	583
GeneID:12933377	2
GeneID:12933378	22
GeneID:12933379	42
GeneID:12933380	63
GeneID:12933381	250
GeneID:12933382	45
GeneID:12933383	0
GeneID:12933384	134
GeneID:12933385	57
GeneID:12933386	478
GeneID:12933387	271
GeneID:12933388	42
GeneID:12933389	3
GeneID:12933390	2
GeneID:12933391	524
GeneID:12933392	3
GeneID:12933393	214
GeneID:12933394	87
GeneID:12933395	897
GeneID:12933396	0
GeneID:12933397	27
GeneID:12933398	748
GeneID:12933399	467
GeneID:12933400	140
GeneID:12933401	838
GeneID:12933402	179
GeneID:12933403	66
GeneID:12933404	69
GeneID:12933405	127
GeneID:12933406	28
GeneID:12933407	26
GeneID:12933408	9
GeneID:12933409	385
GeneID:12933410	20
GeneID:12933411	21
GeneID:12933412	24
GeneID:12933413	1189
GeneID:12933414	2413
GeneID:12933415	106
GeneID:12933416	268
GeneID:12933417	121
GeneID:12933418	239
GeneID:12933419	111
GeneID:12933420	249
GeneID:12933421	47
GeneID:12933422	569
GeneID:12933423	45
GeneID:12933424	95
GeneID:12933425	54
GeneID:12933426	37
GeneID:12933427	0
GeneID:12933428	1
GeneID:12933429	582
GeneID:12933430	212
GeneID:12933431	14
GeneID:12933432	2
GeneID:12933433	411
GeneID:12933434	569
GeneID:12933435	193
GeneID:12933436	1582
GeneID:12933437	7301
GeneID:12933438	4
GeneID:12933439	1136
GeneID:12933440	442
GeneID:12933441	234
GeneID:12933442	4527
GeneID:12933443	180
GeneID:12933444	849
GeneID:12933445	287
GeneID:12933446	0
GeneID:12933447	4
GeneID:12933448	280
GeneID:12933449	304
GeneID:12933450	597
GeneID:12933451	1224
GeneID:12933452	2686
GeneID:12933453	7
GeneID:12933454	127
GeneID:12933455	80
GeneID:12933456	9
GeneID:12933457	61
GeneID:12933458	31
GeneID:12933459	6
GeneID:12933460	151
GeneID:12933461	950
GeneID:12933462	2648
GeneID:12933463	41
GeneID:12933464	0
GeneID:12933465	30
GeneID:12933466	236
GeneID:12933467	659
GeneID:12933468	579
GeneID:12933469	63
GeneID:12933470	2
GeneID:12933471	3
GeneID:12933472	214
GeneID:12933473	30
GeneID:12933474	46
GeneID:12933475	84
GeneID:12933476	307
GeneID:12933477	6229
GeneID:12933478	68
GeneID:12933479	83
GeneID:12933480	54
GeneID:12933481	21
GeneID:12933482	0
GeneID:12933483	1
GeneID:12933484	187
GeneID:12933485	5
GeneID:12933486	29
GeneID:12933487	16
GeneID:12933488	16
GeneID:12933489	158
GeneID:12933490	0
GeneID:12933491	788
GeneID:12933492	211
GeneID:12933493	42
GeneID:12933494	394
GeneID:12933495	22
GeneID:12933496	20
GeneID:12933497	2
GeneID:12933498	2
GeneID:12933499	226
GeneID:12933500	14
GeneID:12933501	38
GeneID:12933502	111
GeneID:12933503	815
GeneID:12933504	313
GeneID:12933505	679
GeneID:12933506	46
GeneID:12933507	1511
GeneID:12933508	1951
GeneID:12933509	2619
GeneID:12933510	2558
GeneID:12933511	119
GeneID:12933512	810
GeneID:12933513	2
GeneID:12933514	2
GeneID:12933515	24
GeneID:12933516	42
GeneID:12933517	0
GeneID:12933518	0
GeneID:12933519	482
GeneID:12933520	817
GeneID:12933521	4
GeneID:12933522	0
GeneID:12933523	4873
GeneID:12933524	111
GeneID:12933525	1
GeneID:12933526	3
GeneID:12933527	26
GeneID:12933528	40
GeneID:12933529	1
GeneID:12933530	23
GeneID:12933531	12
GeneID:12933532	12
GeneID:12933533	8
GeneID:12933534	422
GeneID:12933535	41
GeneID:12933536	5
GeneID:12933537	21
GeneID:12933538	18
GeneID:12933539	176
GeneID:12933540	1332
GeneID:12933541	1239
GeneID:12933542	4
GeneID:12933543	527
GeneID:12933544	351
GeneID:12933545	39
GeneID:12933546	168
GeneID:12933547	797
GeneID:12933548	273
GeneID:12933549	274
GeneID:12933550	155
GeneID:12933551	2654
GeneID:12933552	86
GeneID:12933553	19
GeneID:12933554	9
GeneID:12933555	17
GeneID:12933556	48
GeneID:12933557	39
GeneID:12933558	9
GeneID:12933559	50
GeneID:12933560	0
GeneID:12933561	464
GeneID:12933562	0
GeneID:12933563	1
GeneID:12933564	28
GeneID:12933565	24
GeneID:12933566	99
GeneID:12933567	570
GeneID:12933568	33
GeneID:12933569	24
GeneID:12933570	128
GeneID:12933571	1541
GeneID:12933572	6
GeneID:12933573	101
GeneID:12933574	240
GeneID:12933575	113
GeneID:12933576	286
GeneID:12933577	477
GeneID:12933578	51
GeneID:12933579	80
GeneID:12933580	138
GeneID:12933581	742
GeneID:12933582	124
GeneID:12933583	163
GeneID:12933584	27
GeneID:12933585	29
GeneID:12933586	244
GeneID:12933587	128
GeneID:12933588	6
GeneID:12933589	38
GeneID:12933590	92
GeneID:12933591	86
GeneID:12933592	412
GeneID:12933593	19
GeneID:12933594	30
GeneID:12933595	0
GeneID:12933596	115
GeneID:12933597	32
GeneID:12933598	1342
GeneID:12933599	566
GeneID:12933600	75627
GeneID:12933601	505
GeneID:12933602	3583
GeneID:12933603	27
GeneID:12933604	21
GeneID:12933605	3639
GeneID:12933606	3415
GeneID:12933607	158
GeneID:12933608	120
GeneID:12933609	40
GeneID:12933610	275
GeneID:12933611	24
GeneID:12933612	272
GeneID:12933613	123
GeneID:12933614	739
GeneID:12933615	372
GeneID:12933616	755
GeneID:12933617	9
GeneID:12933618	182
GeneID:12933619	350
GeneID:12933620	7
GeneID:12933621	0
GeneID:12933622	282
GeneID:12933623	262
GeneID:12933624	27
GeneID:12933625	185
GeneID:12933626	91
GeneID:12933627	49
GeneID:12933628	13
GeneID:12933629	254
GeneID:12933630	23
GeneID:12933631	276
GeneID:12933632	897
GeneID:12933633	549
GeneID:12933634	315
GeneID:12933635	156
GeneID:12933636	5238
GeneID:12933637	1080
GeneID:12933638	27
GeneID:12933639	103
GeneID:12933640	63
GeneID:12933641	1
GeneID:12933642	9
GeneID:12933643	2
GeneID:12933644	50
GeneID:12933645	34
GeneID:12933646	388
GeneID:12933647	780
GeneID:12933648	0
GeneID:12933649	136
GeneID:12933650	558
GeneID:12933651	662
GeneID:12933652	431
GeneID:12933653	2773
GeneID:12933654	689
GeneID:12933655	2279
GeneID:12933656	408
GeneID:12933657	97
GeneID:12933658	3
GeneID:12933659	228
GeneID:12933660	143
GeneID:12933661	118
GeneID:12933662	56
GeneID:12933663	23
GeneID:12933664	411
GeneID:12933665	3
GeneID:12933666	33
GeneID:12933667	1072
GeneID:12933668	2975
GeneID:12933669	11389
GeneID:12933670	2556
GeneID:12933671	1
GeneID:12933672	0
GeneID:12933673	581
GeneID:12933674	426
GeneID:12933675	182
GeneID:12933676	415
GeneID:12933677	1554
GeneID:12933678	144
GeneID:12933679	299
GeneID:12933680	1962
GeneID:12933681	16485
GeneID:12933682	10
GeneID:12933683	3
GeneID:12933684	0
GeneID:12933685	405
GeneID:12933686	5
GeneID:12933687	53
GeneID:12933688	147
GeneID:12933689	98
GeneID:12933690	57
GeneID:12933691	1427
GeneID:12933692	192
GeneID:12933693	1076
GeneID:12933694	1566
GeneID:12933695	12
GeneID:12933696	270
GeneID:12933697	283
GeneID:12933698	8465
GeneID:12933699	88
GeneID:12933700	1
GeneID:12933701	60
GeneID:12933702	5093
GeneID:12933703	21
GeneID:12933704	62
GeneID:12933705	115
GeneID:12933706	97
GeneID:12933707	236
GeneID:12933708	15
GeneID:12933709	42
GeneID:12933710	121
GeneID:12933711	51
GeneID:12933712	1485
GeneID:12933713	0
GeneID:12933714	53
GeneID:12933715	2074
GeneID:12933716	112
GeneID:12933717	96
GeneID:12933718	10
GeneID:12933719	44
GeneID:12933720	25
GeneID:12933721	61
GeneID:12933722	49
GeneID:12933723	0
GeneID:12933724	3097
GeneID:12933725	882
GeneID:12933726	4707
GeneID:12933727	29
GeneID:12933728	39
GeneID:12933729	19
GeneID:12933730	3126
GeneID:12933731	219
GeneID:12933732	1857
GeneID:12933733	290
GeneID:12933734	268
GeneID:12933735	35
GeneID:12933736	11
GeneID:12933737	1
GeneID:12933738	53
GeneID:12933739	27
GeneID:12933740	86
GeneID:12933741	14
GeneID:12933742	10
GeneID:12933743	84
GeneID:12933744	1
GeneID:12933745	169
GeneID:12933746	90
GeneID:12933747	157
GeneID:12933748	12
GeneID:12933749	77
GeneID:12933750	75
GeneID:12933751	54
GeneID:12933752	5240
GeneID:12933753	260
GeneID:12933754	188
GeneID:12933755	44
GeneID:12933756	30
GeneID:12933757	42
GeneID:12933758	4
GeneID:12933759	34
GeneID:12933760	84
GeneID:12933761	113
GeneID:12933762	41
GeneID:12933763	106
GeneID:12933764	9
GeneID:12933765	0
GeneID:12933766	44
GeneID:12933767	0
GeneID:12933768	1590
GeneID:12933769	195
GeneID:12933770	39
GeneID:12933771	150
GeneID:12933772	12
GeneID:12933773	82
GeneID:12933774	241
GeneID:12933775	2908
GeneID:12933776	302
GeneID:12933777	344
GeneID:12933778	26
GeneID:12933779	76
GeneID:12933780	60
GeneID:12933781	8
GeneID:12933782	0
GeneID:12933783	2
GeneID:12933784	145
GeneID:12933785	303
GeneID:12933786	542
GeneID:12933787	58
GeneID:12933788	7
GeneID:12933789	1
GeneID:12933790	398
GeneID:12933791	49
GeneID:12933792	52
GeneID:12933793	200
GeneID:12933794	87
GeneID:12933795	397
GeneID:12933796	77
GeneID:12933797	266
GeneID:12933798	6
GeneID:12933799	605
GeneID:12933800	37
GeneID:12933801	43
GeneID:12933802	107
GeneID:12933803	8
GeneID:12933804	104
GeneID:12933805	18
GeneID:12933806	439
GeneID:12933807	813
GeneID:12933808	353
GeneID:12933809	19
GeneID:12933810	62
GeneID:12933811	6
GeneID:12933812	26
GeneID:12933813	2
GeneID:12933814	345
GeneID:12933815	19
GeneID:12933816	28
GeneID:12933817	194
GeneID:12933818	15
GeneID:12933819	83
GeneID:12933820	5
GeneID:12933821	23
GeneID:12933822	73
GeneID:12933823	103
GeneID:12933824	27
GeneID:12933825	299
GeneID:12933826	1
GeneID:12933827	6
GeneID:12933828	0
GeneID:12933829	0
GeneID:12933830	546
GeneID:12933831	350
GeneID:12933832	94
GeneID:12933833	69
GeneID:12933834	36
GeneID:12933835	28
GeneID:12933836	136
GeneID:12933837	64
GeneID:12933838	77
GeneID:12933839	0
GeneID:12933840	7393
GeneID:12933841	1
GeneID:12933842	27
GeneID:12933843	24
GeneID:12933844	5
GeneID:12933845	20
GeneID:12933846	26
GeneID:12933847	86
GeneID:12933848	183
GeneID:12933849	97
GeneID:12933850	206
GeneID:12933851	31
GeneID:12933852	81
GeneID:12933853	893
GeneID:12933854	95
GeneID:12933855	16
GeneID:12933856	2
GeneID:12933857	6
GeneID:12933858	0
GeneID:12933859	0
GeneID:12933860	0
GeneID:12933861	2
GeneID:12933862	1
GeneID:12933863	4
GeneID:12933864	0
GeneID:12933865	2
GeneID:12933866	0
GeneID:12933867	0
GeneID:12933868	0
GeneID:12933869	14
GeneID:12933870	66
GeneID:12933871	0
GeneID:12933872	0
GeneID:12933873	456
GeneID:12933874	1602
GeneID:12933875	89
GeneID:12933876	90
GeneID:12933877	50
GeneID:12933878	194
GeneID:12933879	49
GeneID:12933880	165
GeneID:12933881	1
GeneID:12933882	0
GeneID:12933883	0
GeneID:12933884	5
GeneID:12933885	0
GeneID:12933886	0
GeneID:12933887	24
GeneID:12933888	169
GeneID:12933889	33
GeneID:12933890	16
GeneID:12933891	83
GeneID:12933892	19
GeneID:12933893	0
GeneID:12933894	3
GeneID:12933895	1
GeneID:12933896	6
GeneID:12933897	59
GeneID:12933898	16
GeneID:12933899	111
GeneID:12933900	26
GeneID:12933901	14
GeneID:12933902	119
GeneID:12933903	55
GeneID:12933904	1542
GeneID:12933905	140
GeneID:12933906	12
GeneID:12933907	4
GeneID:12933908	18
GeneID:12933909	2
GeneID:12933910	52
GeneID:12933911	308
GeneID:12933912	545
GeneID:12933913	16083
GeneID:12933914	36
GeneID:12933915	52
GeneID:12933916	2
GeneID:12933917	97
GeneID:12933918	157
GeneID:12933919	457
GeneID:12933920	87
GeneID:12933921	190
GeneID:12933922	2
GeneID:12933923	393
GeneID:12933924	0
GeneID:12933925	94
GeneID:12933926	193
GeneID:12933927	566
GeneID:12933928	21
GeneID:12933929	15
GeneID:12933930	683
GeneID:12933931	1
GeneID:12933932	247
GeneID:12933933	399
GeneID:12933934	2818
GeneID:12933935	313
GeneID:12933936	9
GeneID:12933937	2535
GeneID:12933938	193
GeneID:12933939	264
GeneID:12933940	32
GeneID:12933941	0
GeneID:12933942	0
GeneID:12933943	14
GeneID:12933944	17
GeneID:12933945	8
GeneID:12933946	0
GeneID:12933947	5
GeneID:12933948	5
GeneID:12933949	45
GeneID:12933950	3
GeneID:12933951	597
GeneID:12933952	152
GeneID:12933953	4
GeneID:12933954	286
GeneID:12933955	81
GeneID:12933956	65
GeneID:12933957	0
GeneID:12933958	1
GeneID:12933959	2
GeneID:12933960	1
GeneID:12933961	557
GeneID:12933962	43
GeneID:12933963	286
GeneID:12933964	275
GeneID:12933965	16187
GeneID:12933966	2
GeneID:12933967	869
GeneID:12933968	1
GeneID:12933969	103
GeneID:12933970	103
GeneID:12933971	216
GeneID:12933972	620
GeneID:12933973	499
GeneID:12933974	150
GeneID:12933975	57
GeneID:12933976	481
GeneID:12933977	83
GeneID:12933978	35
GeneID:12933979	84
GeneID:12933980	2338
GeneID:12933981	4298
GeneID:12933982	10378
GeneID:12933983	2286
GeneID:12933984	281
GeneID:12933985	414
GeneID:12933986	3308
GeneID:12933987	143
GeneID:12933988	207
GeneID:12933989	474
GeneID:12933990	1908
GeneID:12933991	0
GeneID:12933992	203
GeneID:12933993	1
GeneID:12933994	8
GeneID:12933995	13
GeneID:12933996	180
GeneID:12933997	648
GeneID:12933998	91
GeneID:12933999	9
GeneID:12934001	43
GeneID:12934002	143
GeneID:12934003	15
GeneID:12934004	65
GeneID:12934005	82
GeneID:12934006	38
GeneID:12934007	7895
GeneID:12934008	1812
GeneID:12934009	54
GeneID:12934010	198
GeneID:12934011	1833
GeneID:12934012	1457
GeneID:12934013	391
GeneID:12934014	12
GeneID:12934015	40
GeneID:12934016	11
GeneID:12934017	31
GeneID:12934018	437
GeneID:12934019	841
GeneID:12934020	284
GeneID:12934021	255
GeneID:12934022	27
GeneID:12934023	21
GeneID:12934024	88
GeneID:12934025	137
GeneID:12934026	4
GeneID:12934027	0
GeneID:12934028	0
GeneID:12934029	14
GeneID:12934030	30
GeneID:12934031	83
GeneID:12934032	4
GeneID:12934033	368
GeneID:12934034	71
GeneID:12934035	548
GeneID:12934036	26
GeneID:12934037	0
GeneID:12934038	227
GeneID:12934039	2
GeneID:12934040	205
GeneID:12934041	53
GeneID:12934042	11
GeneID:12934043	104
GeneID:12934044	120
GeneID:12934045	13
GeneID:12934046	88
GeneID:12934047	38
GeneID:12934048	52
GeneID:12934049	24
GeneID:12934050	658
GeneID:12934051	309
GeneID:12934052	1455
GeneID:12934053	63
GeneID:12934054	25
GeneID:12934055	34
GeneID:12934056	402
GeneID:12934057	0
GeneID:12934058	2
GeneID:12934059	18
GeneID:12934060	275
GeneID:12934061	467
GeneID:12934062	33173
GeneID:12934063	0
GeneID:12934064	16
GeneID:12934065	223
GeneID:12934066	13357
GeneID:12934067	1691
GeneID:12934068	12494
GeneID:12934069	11
GeneID:12934070	336
GeneID:12934071	14784
GeneID:12934072	983
GeneID:12934073	16
GeneID:12934074	161
GeneID:12934075	28
GeneID:12934076	1318
GeneID:12934077	2970
GeneID:12934078	3652
GeneID:12934079	432
GeneID:12934080	90
GeneID:12934081	43
GeneID:12934082	134
GeneID:12934083	16120
GeneID:12934084	236
GeneID:12934085	18
GeneID:12934086	5
GeneID:12934087	4
GeneID:12934088	10
GeneID:12934089	53
GeneID:12934090	56
GeneID:12934091	182
GeneID:12934092	70
GeneID:12934093	300
GeneID:12934094	130
GeneID:12934095	12
GeneID:12934096	2
GeneID:12934097	0
GeneID:12934098	0
GeneID:12934099	1
GeneID:12934100	0
GeneID:12934101	18
GeneID:12934102	2225
GeneID:12934103	0
GeneID:12934104	1
GeneID:12934105	77
GeneID:12934106	59
GeneID:12934107	1029
GeneID:12934108	48
GeneID:12934109	1
GeneID:12934110	0
GeneID:12934111	16
GeneID:12934112	946
GeneID:12934113	0
GeneID:12934114	154
GeneID:12934115	4139
GeneID:12934116	4
GeneID:12934117	59
GeneID:12934118	351
GeneID:12934119	364
GeneID:12934120	4
GeneID:12934121	0
GeneID:12934122	135
GeneID:12934123	269
GeneID:12934124	67
GeneID:12934125	1083
GeneID:12934126	8
GeneID:12934127	347
GeneID:12934128	6822
GeneID:12934129	1278
GeneID:12934130	234
GeneID:12934131	2343
GeneID:12934132	126
GeneID:12934133	41
GeneID:12934134	24
GeneID:12934135	375
GeneID:12934136	173
GeneID:12934137	25
GeneID:12934138	479
GeneID:12934139	181
GeneID:12934140	272
GeneID:12934141	151
GeneID:12934142	50
GeneID:12934143	8965
GeneID:12934144	42
GeneID:12934145	49
GeneID:12934146	82
GeneID:12934147	823
GeneID:12934148	39
GeneID:12934149	4
GeneID:12934150	106
GeneID:12934151	401
GeneID:12934152	46
GeneID:12934153	0
GeneID:12934154	39
GeneID:12934155	4
GeneID:12934156	44
GeneID:12934157	11
GeneID:12934158	77
GeneID:12934159	449
GeneID:12934160	132
GeneID:12934161	64
GeneID:12934162	0
GeneID:12934163	1398
GeneID:12934164	12
GeneID:12934165	86
GeneID:12934166	980
GeneID:12934167	2
GeneID:12934168	2029
GeneID:12934169	45
GeneID:12934170	31
GeneID:12934171	1025
GeneID:12934172	0
GeneID:12934173	38
GeneID:12934174	0
GeneID:12934175	2
GeneID:12934176	17
GeneID:12934177	69
GeneID:12934178	30
GeneID:12934179	168
GeneID:12934180	61
GeneID:12934181	150
GeneID:12934182	650
GeneID:12934183	0
GeneID:12934184	16
GeneID:12934185	96
GeneID:12934186	647
GeneID:12934187	1
GeneID:12934188	1582
GeneID:12934189	5
GeneID:12934190	52
GeneID:12934191	153
GeneID:12934192	541
GeneID:12934193	14
GeneID:12934194	10
GeneID:12934195	140
GeneID:12934196	180
GeneID:12934197	10
GeneID:12934198	4
GeneID:12934199	6
GeneID:12934200	12
GeneID:12934201	0
GeneID:12934202	1
GeneID:12934203	246
GeneID:12934204	10
GeneID:12934205	4
GeneID:12934206	9
GeneID:12934207	26
GeneID:12934208	159
GeneID:12934209	21
GeneID:12934210	602
GeneID:12934211	3242
GeneID:12934212	122
GeneID:12934213	12
GeneID:12934214	27
GeneID:12934215	122
GeneID:12934216	976
GeneID:12934217	1
GeneID:12934218	4
GeneID:12934219	7
GeneID:12934220	1
GeneID:12934221	112
GeneID:12934222	3
GeneID:12934223	81
GeneID:12934224	491
GeneID:12934225	0
GeneID:12934226	313
GeneID:12934227	643
GeneID:12934228	59
GeneID:12934229	453
GeneID:12934230	59
GeneID:12934231	48
GeneID:12934232	15
GeneID:12934233	31
GeneID:12934234	17
GeneID:12934235	8
GeneID:12934236	8
GeneID:12934237	2
GeneID:12934238	2
GeneID:12934239	16
GeneID:12934240	472
GeneID:12934241	222
GeneID:12934242	0
GeneID:12934243	39
GeneID:12934244	396
GeneID:12934245	1515
GeneID:12934246	141
GeneID:12934247	84
GeneID:12934248	118
GeneID:12934249	609
GeneID:12934250	790
GeneID:12934251	4
GeneID:12934252	3
GeneID:12934253	99
GeneID:12934254	2396
GeneID:12934255	441
GeneID:12934256	0
GeneID:12934257	0
GeneID:12934258	162
GeneID:12934259	63
GeneID:12934260	432
GeneID:12934261	4
GeneID:12934262	2262
GeneID:12934263	3
GeneID:12934264	311
GeneID:12934265	186
GeneID:12934266	0
GeneID:12934267	41
GeneID:12934268	19
GeneID:12934269	213
GeneID:12934270	14
GeneID:12934271	4
GeneID:12934272	15
GeneID:12934273	0
GeneID:12934274	128
GeneID:12934275	15
GeneID:12934276	193
GeneID:12934277	84
GeneID:12934278	18
GeneID:12934279	159
GeneID:12934280	1279
GeneID:12934281	42
GeneID:12934282	271
GeneID:12934283	0
GeneID:12934284	6
GeneID:12934285	94
GeneID:12934286	713
GeneID:12934287	24
GeneID:12934288	16
GeneID:12934289	136
GeneID:12934290	39
GeneID:12934291	0
GeneID:12934292	139
GeneID:12934293	15339
GeneID:12934294	0
GeneID:12934295	3
GeneID:12934296	153
GeneID:12934297	0
GeneID:12934298	0
GeneID:12934299	878
GeneID:12934300	518
GeneID:12934301	629
GeneID:12934302	3
GeneID:12934303	538
GeneID:12934304	117
GeneID:12934305	1351
GeneID:12934306	128
GeneID:12934307	5312
GeneID:12934308	56
GeneID:12934309	164
GeneID:12934310	186
GeneID:12934311	105
GeneID:12934312	364
GeneID:12934313	5620
GeneID:12934314	6
GeneID:12934315	2
GeneID:12934316	0
GeneID:12934317	4
GeneID:12934318	9
GeneID:12934319	2
GeneID:12934320	97
GeneID:12934321	319
GeneID:12934322	1685
GeneID:12934323	173
GeneID:12934324	2
GeneID:12934325	653
GeneID:12934326	1304
GeneID:12934327	170
GeneID:12934328	266
GeneID:12934329	7959
GeneID:12934330	76
GeneID:12934331	1436
GeneID:12934332	1
GeneID:12934333	6
GeneID:12934334	11
GeneID:12934335	290
GeneID:12934336	6
GeneID:12934337	150
GeneID:12934338	89
GeneID:12934339	8
GeneID:12934340	54
GeneID:12934341	24
GeneID:12934342	21
GeneID:12934343	14
GeneID:12934344	88
GeneID:12934345	8
GeneID:12934346	588
GeneID:12934347	556
GeneID:12934348	1
GeneID:12934349	16
GeneID:12934350	133
GeneID:12934351	127
GeneID:12934352	35
GeneID:12934353	553
GeneID:12934354	2
GeneID:12934355	35
GeneID:12934356	195
GeneID:12934357	4215
GeneID:12934358	111
GeneID:12934359	232
GeneID:12934360	53
GeneID:12934361	850
GeneID:12934362	1816
GeneID:12934363	57
GeneID:12934364	31
GeneID:12934365	180
GeneID:12934366	5361
GeneID:12934367	43
GeneID:12934368	347
GeneID:12934369	112
GeneID:12934370	7
GeneID:12934371	26
GeneID:12934372	347
GeneID:12934373	53
GeneID:12934374	1804
GeneID:12934375	10
GeneID:12934376	1159
GeneID:12934377	14
GeneID:12934378	46
GeneID:12934379	181
GeneID:12934380	227
GeneID:12934381	562
GeneID:12934382	506
GeneID:12934383	647
GeneID:12934384	11
GeneID:12934385	35
GeneID:12934386	21
GeneID:12934387	0
GeneID:12934388	2
GeneID:12934389	270
GeneID:12934390	5399
GeneID:12934391	1645
GeneID:12934392	4331
GeneID:12934393	1741
GeneID:12934394	7167
GeneID:12934395	19
GeneID:12934396	11
GeneID:12934397	124
GeneID:12934398	333
GeneID:12934399	18
GeneID:12934400	5061
GeneID:12934401	45
GeneID:12934402	2165
GeneID:12934403	254
GeneID:12934404	10971
GeneID:12934405	215
GeneID:12934406	60
GeneID:12934407	301
GeneID:12934408	2522
GeneID:12934409	2435
GeneID:12934410	10983
GeneID:12934411	30
GeneID:12934412	182
GeneID:12934413	166
GeneID:12934414	4412
GeneID:12934415	32
GeneID:12934416	601
GeneID:12934417	70
GeneID:12934418	157
GeneID:12934419	67
GeneID:12934420	156
GeneID:12934421	268
GeneID:12934422	370
GeneID:12934423	176
GeneID:12934424	228
GeneID:12934425	198
GeneID:12934426	170
GeneID:12934427	87
GeneID:12934428	896
GeneID:12934429	34
GeneID:12934430	346
GeneID:12934431	2
GeneID:12934432	36
GeneID:12934433	1767
GeneID:12934434	4809
GeneID:12934435	526
GeneID:12934436	2825
GeneID:12934437	57
GeneID:12934438	1
GeneID:12934439	4752
GeneID:12934440	1
GeneID:12934441	1253
GeneID:12934442	332
GeneID:12934443	0
GeneID:12934444	273
GeneID:12934445	4887
GeneID:12934446	6
GeneID:12934447	160
GeneID:12934448	1022
GeneID:12934449	86
GeneID:12934450	3032
GeneID:12934451	112
GeneID:12934452	24
GeneID:12934453	142
GeneID:12934454	7948
GeneID:12934455	4819
GeneID:12934456	325
GeneID:12934457	204
GeneID:12934458	1814
GeneID:12934459	54
GeneID:12934461	53
GeneID:12934462	2621
GeneID:12934463	841
GeneID:12934464	467
GeneID:12934465	7213
GeneID:12934466	308
GeneID:12934467	364
GeneID:12934468	91
GeneID:12934469	1291
GeneID:12934470	6
GeneID:12934471	38
GeneID:12934472	164
GeneID:12934473	166
GeneID:12934474	141
GeneID:12934475	94275
GeneID:12934476	165
GeneID:12934477	11
GeneID:12934478	12296
GeneID:12934479	420
GeneID:12934480	218
GeneID:12934481	166
GeneID:12934482	281
GeneID:12934483	345
GeneID:12934484	7
GeneID:12934485	11
GeneID:12934486	7
GeneID:12934487	38
GeneID:12934488	17104
GeneID:12934489	283
GeneID:12934490	234
GeneID:12934491	171
GeneID:12934492	180
GeneID:12934493	1224
GeneID:12934494	246
GeneID:12934495	27
GeneID:12934496	1425
GeneID:12934497	249
GeneID:12934498	26
GeneID:12934499	26
GeneID:12934500	95
GeneID:12934501	952
GeneID:12934502	7458
GeneID:12934503	57
GeneID:12934504	116
GeneID:12934505	42
GeneID:12934506	61
GeneID:12934507	103
GeneID:12934508	65
GeneID:12934509	25
GeneID:12934510	22
GeneID:12934511	5
GeneID:12934512	83
GeneID:12934513	170
GeneID:12934514	190
GeneID:12934515	19
GeneID:12934516	1729
GeneID:12934517	1621
GeneID:12934518	2272
GeneID:12934519	87
GeneID:12934520	4
GeneID:12934521	2
GeneID:12934522	613
GeneID:12934523	1332
GeneID:12934524	62
GeneID:12934525	7
GeneID:12934526	4748
GeneID:12934527	2
GeneID:12934528	5
GeneID:12934529	1
GeneID:12934530	608
GeneID:12934531	71
GeneID:12934532	120
GeneID:12934533	91
GeneID:12934534	98
GeneID:12934535	100
GeneID:12934536	157
GeneID:12934537	594
GeneID:12934538	1652
GeneID:12934539	476
GeneID:12934540	73
GeneID:12934541	18
GeneID:12934542	3213
GeneID:12934543	210
GeneID:12934544	710
GeneID:12934545	3329
GeneID:12934546	2031
GeneID:12934547	3
GeneID:12934548	32
GeneID:12934549	151
GeneID:12934550	186
GeneID:12934551	161
GeneID:13406005	0
GeneID:13406006	2
__no_feature	133181
__ambiguous	111916
__too_low_aQual	0
__not_aligned	0
__alignment_not_unique	0
