GeneID:12930114	120
GeneID:12930115	18
GeneID:12930116	49
GeneID:12930117	11
GeneID:12930118	48
GeneID:12930119	53
GeneID:12930120	152
GeneID:12930121	8
GeneID:12930122	90
GeneID:12930123	33
GeneID:12930124	11
GeneID:12930125	246
GeneID:12930126	19
GeneID:12930127	16
GeneID:12930128	7
GeneID:12930129	80
GeneID:12930130	4
GeneID:12930131	1884
GeneID:12930132	775
GeneID:12930133	28
GeneID:12930134	0
GeneID:12930135	13
GeneID:12930136	36
GeneID:12930137	88
GeneID:12930138	47
GeneID:12930139	20
GeneID:12930140	8
GeneID:12930141	0
GeneID:12930142	10
GeneID:12930143	723
GeneID:12930144	1606
GeneID:12930145	580
GeneID:12930146	176
GeneID:12930147	165
GeneID:12930148	10
GeneID:12930149	9
GeneID:12930150	682
GeneID:12930151	531
GeneID:12930152	631
GeneID:12930153	488
GeneID:12930154	78
GeneID:12930155	19
GeneID:12930156	2006
GeneID:12930157	10
GeneID:12930158	33
GeneID:12930159	394
GeneID:12930160	708
GeneID:12930161	4
GeneID:12930162	164
GeneID:12930163	127
GeneID:12930164	56
GeneID:12930165	184
GeneID:12930166	3
GeneID:12930167	55
GeneID:12930168	53
GeneID:12930169	0
GeneID:12930170	155
GeneID:12930171	1
GeneID:12930172	27
GeneID:12930173	35
GeneID:12930174	5
GeneID:12930175	20
GeneID:12930176	13
GeneID:12930177	181
GeneID:12930178	2970
GeneID:12930179	82
GeneID:12930180	811
GeneID:12930181	11
GeneID:12930182	10
GeneID:12930183	31
GeneID:12930184	20
GeneID:12930185	0
GeneID:12930186	58
GeneID:12930187	28
GeneID:12930188	37
GeneID:12930189	114
GeneID:12930190	402
GeneID:12930191	166
GeneID:12930192	118
GeneID:12930193	10
GeneID:12930194	32
GeneID:12930195	6
GeneID:12930196	0
GeneID:12930197	18
GeneID:12930198	4
GeneID:12930199	1225
GeneID:12930200	48
GeneID:12930201	67
GeneID:12930202	8
GeneID:12930203	0
GeneID:12930204	3
GeneID:12930205	1
GeneID:12930206	517
GeneID:12930207	115
GeneID:12930208	97
GeneID:12930209	85
GeneID:12930210	85
GeneID:12930211	842
GeneID:12930212	476
GeneID:12930213	26
GeneID:12930214	1384
GeneID:12930215	1076
GeneID:12930216	1076
GeneID:12930217	158496
GeneID:12930218	0
GeneID:12930219	0
GeneID:12930220	0
GeneID:12930221	59
GeneID:12930222	0
GeneID:12930223	9
GeneID:12930224	1744
GeneID:12930225	32
GeneID:12930226	12
GeneID:12930227	195
GeneID:12930228	123
GeneID:12930229	307
GeneID:12930230	65
GeneID:12930231	86
GeneID:12930232	919
GeneID:12930233	28
GeneID:12930234	67
GeneID:12930235	1
GeneID:12930236	0
GeneID:12930237	0
GeneID:12930238	0
GeneID:12930239	0
GeneID:12930240	0
GeneID:12930241	0
GeneID:12930242	1138
GeneID:12930243	477
GeneID:12930244	212
GeneID:12930245	558
GeneID:12930246	178
GeneID:12930247	81
GeneID:12930248	6
GeneID:12930249	54
GeneID:12930250	94
GeneID:12930251	21
GeneID:12930252	467
GeneID:12930253	48
GeneID:12930254	11
GeneID:12930255	220
GeneID:12930256	160
GeneID:12930257	177
GeneID:12930258	5
GeneID:12930259	113
GeneID:12930260	521
GeneID:12930261	399
GeneID:12930262	14
GeneID:12930263	69
GeneID:12930264	0
GeneID:12930265	140
GeneID:12930266	15
GeneID:12930267	118
GeneID:12930268	11
GeneID:12930269	25
GeneID:12930270	9
GeneID:12930271	0
GeneID:12930272	14
GeneID:12930273	6
GeneID:12930274	24
GeneID:12930275	41
GeneID:12930276	6
GeneID:12930277	18
GeneID:12930278	29
GeneID:12930279	183
GeneID:12930280	152
GeneID:12930281	5
GeneID:12930282	0
GeneID:12930283	76
GeneID:12930284	43
GeneID:12930285	105
GeneID:12930286	174
GeneID:12930287	273
GeneID:12930288	1313
GeneID:12930289	662
GeneID:12930290	498
GeneID:12930291	517
GeneID:12930292	76
GeneID:12930293	0
GeneID:12930294	44042
GeneID:12930295	14
GeneID:12930296	0
GeneID:12930297	0
GeneID:12930298	29
GeneID:12930299	626
GeneID:12930300	339
GeneID:12930301	413
GeneID:12930302	691
GeneID:12930303	317
GeneID:12930304	20
GeneID:12930305	171
GeneID:12930306	70
GeneID:12930307	1238
GeneID:12930308	261
GeneID:12930309	257
GeneID:12930310	147
GeneID:12930311	6
GeneID:12930312	78
GeneID:12930313	300
GeneID:12930314	185
GeneID:12930315	322
GeneID:12930316	3
GeneID:12930317	24
GeneID:12930318	1734
GeneID:12930319	242
GeneID:12930320	16
GeneID:12930321	31
GeneID:12930322	1102
GeneID:12930323	8
GeneID:12930324	90
GeneID:12930325	262
GeneID:12930326	83
GeneID:12930327	697
GeneID:12930328	59
GeneID:12930329	414
GeneID:12930330	425
GeneID:12930331	3
GeneID:12930332	1248
GeneID:12930333	99
GeneID:12930334	101
GeneID:12930335	176
GeneID:12930336	1464
GeneID:12930337	45
GeneID:12930338	97
GeneID:12930339	16
GeneID:12930340	636
GeneID:12930341	56
GeneID:12930342	1
GeneID:12930343	420
GeneID:12930344	103
GeneID:12930345	179
GeneID:12930346	0
GeneID:12930347	101
GeneID:12930348	100
GeneID:12930349	1
GeneID:12930350	13
GeneID:12930351	50
GeneID:12930352	25
GeneID:12930353	306
GeneID:12930354	4
GeneID:12930355	7
GeneID:12930356	335
GeneID:12930357	78
GeneID:12930358	27
GeneID:12930359	155
GeneID:12930360	43
GeneID:12930361	20
GeneID:12930362	19
GeneID:12930363	218
GeneID:12930364	3
GeneID:12930365	1057
GeneID:12930366	28
GeneID:12930367	1177
GeneID:12930368	47
GeneID:12930369	0
GeneID:12930370	13
GeneID:12930371	11
GeneID:12930372	12
GeneID:12930373	5
GeneID:12930374	107
GeneID:12930375	279
GeneID:12930376	112
GeneID:12930377	379
GeneID:12930378	24
GeneID:12930379	14
GeneID:12930380	27
GeneID:12930381	0
GeneID:12930382	2
GeneID:12930383	14
GeneID:12930384	50
GeneID:12930385	1
GeneID:12930386	73
GeneID:12930387	14
GeneID:12930388	136
GeneID:12930389	0
GeneID:12930390	60
GeneID:12930391	51
GeneID:12930392	2278
GeneID:12930393	323
GeneID:12930394	303
GeneID:12930395	23664
GeneID:12930396	24155
GeneID:12930397	3
GeneID:12930398	102
GeneID:12930399	2
GeneID:12930400	6
GeneID:12930401	1005
GeneID:12930402	5
GeneID:12930403	0
GeneID:12930404	136
GeneID:12930405	2
GeneID:12930406	176
GeneID:12930407	92
GeneID:12930408	163
GeneID:12930409	222
GeneID:12930410	0
GeneID:12930411	9
GeneID:12930412	290
GeneID:12930413	106
GeneID:12930414	28
GeneID:12930415	12
GeneID:12930416	12
GeneID:12930417	0
GeneID:12930418	32
GeneID:12930419	0
GeneID:12930420	209
GeneID:12930421	2
GeneID:12930422	55
GeneID:12930423	37
GeneID:12930424	7
GeneID:12930425	80
GeneID:12930426	47
GeneID:12930427	374
GeneID:12930428	58
GeneID:12930429	5
GeneID:12930430	5
GeneID:12930431	2
GeneID:12930432	65
GeneID:12930433	38
GeneID:12930434	10
GeneID:12930435	831
GeneID:12930436	82
GeneID:12930437	4943
GeneID:12930438	687
GeneID:12930439	623
GeneID:12930440	15
GeneID:12930441	10
GeneID:12930442	98
GeneID:12930443	91
GeneID:12930444	3
GeneID:12930445	246
GeneID:12930446	26
GeneID:12930447	1
GeneID:12930448	4
GeneID:12930449	13
GeneID:12930450	219
GeneID:12930451	1
GeneID:12930452	0
GeneID:12930453	17
GeneID:12930454	55
GeneID:12930455	983
GeneID:12930456	34
GeneID:12930457	92
GeneID:12930458	65
GeneID:12930459	82
GeneID:12930460	2
GeneID:12930461	2
GeneID:12930462	5
GeneID:12930463	0
GeneID:12930464	751
GeneID:12930465	21
GeneID:12930466	173
GeneID:12930467	0
GeneID:12930468	34
GeneID:12930469	153
GeneID:12930470	52
GeneID:12930471	25
GeneID:12930472	89
GeneID:12930473	472
GeneID:12930474	833
GeneID:12930475	21
GeneID:12930476	0
GeneID:12930477	14
GeneID:12930478	4
GeneID:12930479	63
GeneID:12930480	55
GeneID:12930481	15
GeneID:12930482	19
GeneID:12930483	102
GeneID:12930484	221
GeneID:12930485	82
GeneID:12930486	14
GeneID:12930487	0
GeneID:12930488	143
GeneID:12930489	34
GeneID:12930490	19
GeneID:12930491	55
GeneID:12930492	54
GeneID:12930493	33
GeneID:12930494	122
GeneID:12930495	43883
GeneID:12930496	0
GeneID:12930497	0
GeneID:12930498	52
GeneID:12930499	573
GeneID:12930500	1567
GeneID:12930501	7
GeneID:12930502	19
GeneID:12930503	0
GeneID:12930504	53
GeneID:12930505	41
GeneID:12930506	7
GeneID:12930507	0
GeneID:12930508	105
GeneID:12930509	0
GeneID:12930510	2602
GeneID:12930511	452
GeneID:12930512	1724
GeneID:12930513	29
GeneID:12930514	3505
GeneID:12930515	2600
GeneID:12930516	533
GeneID:12930517	586
GeneID:12930518	5732
GeneID:12930519	483
GeneID:12930520	830
GeneID:12930521	0
GeneID:12930522	42
GeneID:12930523	1379
GeneID:12930524	2
GeneID:12930525	0
GeneID:12930526	5675
GeneID:12930527	14
GeneID:12930528	874
GeneID:12930529	42
GeneID:12930530	345
GeneID:12930531	2
GeneID:12930532	0
GeneID:12930533	206
GeneID:12930534	10731
GeneID:12930535	24
GeneID:12930536	169
GeneID:12930537	32
GeneID:12930538	63
GeneID:12930539	833
GeneID:12930540	136
GeneID:12930541	331
GeneID:12930542	459
GeneID:12930543	1175
GeneID:12930544	80
GeneID:12930545	7
GeneID:12930546	21
GeneID:12930547	74
GeneID:12930548	60
GeneID:12930549	211
GeneID:12930550	25
GeneID:12930551	5
GeneID:12930552	15
GeneID:12930553	39
GeneID:12930554	2
GeneID:12930555	0
GeneID:12930556	375
GeneID:12930557	773
GeneID:12930558	99
GeneID:12930559	9
GeneID:12930560	18
GeneID:12930561	7
GeneID:12930562	36
GeneID:12930563	0
GeneID:12930564	50
GeneID:12930565	40
GeneID:12930566	2
GeneID:12930567	3
GeneID:12930568	55
GeneID:12930569	116
GeneID:12930570	14
GeneID:12930571	613
GeneID:12930572	0
GeneID:12930573	186
GeneID:12930574	164
GeneID:12930575	0
GeneID:12930576	325
GeneID:12930577	38
GeneID:12930578	12
GeneID:12930579	0
GeneID:12930580	133
GeneID:12930581	85
GeneID:12930582	137
GeneID:12930583	183
GeneID:12930584	177
GeneID:12930585	1102
GeneID:12930586	2
GeneID:12930587	116
GeneID:12930588	347
GeneID:12930589	52
GeneID:12930590	295
GeneID:12930591	5
GeneID:12930592	91
GeneID:12930593	291
GeneID:12930594	28
GeneID:12930595	1047
GeneID:12930596	203
GeneID:12930597	32
GeneID:12930598	862
GeneID:12930599	157
GeneID:12930600	69
GeneID:12930601	158
GeneID:12930602	0
GeneID:12930603	94
GeneID:12930604	736
GeneID:12930605	24
GeneID:12930606	1127
GeneID:12930607	3
GeneID:12930608	72
GeneID:12930609	460
GeneID:12930610	75
GeneID:12930611	1625
GeneID:12930612	85
GeneID:12930613	16
GeneID:12930614	246
GeneID:12930615	116
GeneID:12930616	1
GeneID:12930617	230
GeneID:12930618	17
GeneID:12930619	304
GeneID:12930620	2
GeneID:12930621	6
GeneID:12930622	549
GeneID:12930623	96
GeneID:12930624	14
GeneID:12930625	266
GeneID:12930626	76
GeneID:12930627	0
GeneID:12930628	32
GeneID:12930629	23
GeneID:12930630	0
GeneID:12930631	0
GeneID:12930632	655
GeneID:12930633	29
GeneID:12930634	4
GeneID:12930635	0
GeneID:12930636	8
GeneID:12930637	19
GeneID:12930638	384
GeneID:12930639	60
GeneID:12930640	560
GeneID:12930641	885
GeneID:12930642	0
GeneID:12930643	0
GeneID:12930644	279
GeneID:12930645	664
GeneID:12930646	747
GeneID:12930647	1668
GeneID:12930648	120
GeneID:12930649	90
GeneID:12930650	101
GeneID:12930651	1240
GeneID:12930652	3
GeneID:12930653	165
GeneID:12930654	267
GeneID:12930655	1689
GeneID:12930656	0
GeneID:12930657	21
GeneID:12930658	0
GeneID:12930659	135
GeneID:12930660	1
GeneID:12930661	3
GeneID:12930662	252
GeneID:12930663	568
GeneID:12930664	352
GeneID:12930665	143
GeneID:12930666	10
GeneID:12930667	4
GeneID:12930668	8
GeneID:12930669	14
GeneID:12930670	7
GeneID:12930671	0
GeneID:12930672	1
GeneID:12930673	119
GeneID:12930674	117
GeneID:12930675	3
GeneID:12930676	33
GeneID:12930677	11
GeneID:12930678	261
GeneID:12930679	1693
GeneID:12930680	749
GeneID:12930681	28
GeneID:12930682	14
GeneID:12930683	9
GeneID:12930684	1203
GeneID:12930685	444
GeneID:12930686	292
GeneID:12930687	21
GeneID:12930688	156
GeneID:12930689	140
GeneID:12930690	427
GeneID:12930691	401
GeneID:12930692	82
GeneID:12930693	6
GeneID:12930694	0
GeneID:12930695	0
GeneID:12930696	33
GeneID:12930697	24
GeneID:12930698	50
GeneID:12930699	1
GeneID:12930700	12
GeneID:12930701	43
GeneID:12930702	9
GeneID:12930703	1430
GeneID:12930704	220
GeneID:12930705	7
GeneID:12930706	1594
GeneID:12930707	24630
GeneID:12930708	111
GeneID:12930709	175
GeneID:12930710	72
GeneID:12930711	49
GeneID:12930712	954
GeneID:12930713	634
GeneID:12930714	5347
GeneID:12930715	1876
GeneID:12930716	10632
GeneID:12930717	12
GeneID:12930718	14
GeneID:12930719	0
GeneID:12930720	187
GeneID:12930721	2
GeneID:12930722	2148
GeneID:12930723	1187
GeneID:12930724	0
GeneID:12930725	151
GeneID:12930726	84
GeneID:12930727	26
GeneID:12930728	5
GeneID:12930729	1840
GeneID:12930730	52
GeneID:12930731	722
GeneID:12930732	558
GeneID:12930733	52
GeneID:12930734	118
GeneID:12930735	15
GeneID:12930736	378
GeneID:12930737	48
GeneID:12930738	105
GeneID:12930739	499
GeneID:12930740	71
GeneID:12930741	56
GeneID:12930742	57
GeneID:12930743	0
GeneID:12930744	1
GeneID:12930745	1
GeneID:12930746	3
GeneID:12930747	2
GeneID:12930748	1945
GeneID:12930749	119
GeneID:12930750	51
GeneID:12930751	770
GeneID:12930752	966
GeneID:12930753	318
GeneID:12930754	118
GeneID:12930755	8
GeneID:12930756	1607
GeneID:12930757	149
GeneID:12930758	76
GeneID:12930759	975
GeneID:12930760	77
GeneID:12930761	122
GeneID:12930762	90
GeneID:12930763	94
GeneID:12930764	1
GeneID:12930765	0
GeneID:12930766	0
GeneID:12930767	4
GeneID:12930768	15
GeneID:12930769	5
GeneID:12930770	0
GeneID:12930771	2155
GeneID:12930772	1
GeneID:12930773	426
GeneID:12930774	507
GeneID:12930775	0
GeneID:12930776	1766
GeneID:12930777	20
GeneID:12930778	83
GeneID:12930779	31
GeneID:12930780	14
GeneID:12930781	20
GeneID:12930782	4
GeneID:12930783	133
GeneID:12930784	7
GeneID:12930785	11
GeneID:12930786	5
GeneID:12930787	7
GeneID:12930788	0
GeneID:12930789	279
GeneID:12930790	239
GeneID:12930791	8
GeneID:12930792	3
GeneID:12930793	30
GeneID:12930794	9
GeneID:12930795	15
GeneID:12930796	4
GeneID:12930797	6
GeneID:12930798	33
GeneID:12930799	0
GeneID:12930800	3
GeneID:12930801	0
GeneID:12930802	19
GeneID:12930803	25
GeneID:12930804	5
GeneID:12930805	2
GeneID:12930806	12
GeneID:12930807	103
GeneID:12930808	164
GeneID:12930809	1
GeneID:12930810	4
GeneID:12930811	5
GeneID:12930812	42
GeneID:12930813	131
GeneID:12930814	3
GeneID:12930815	4
GeneID:12930816	2
GeneID:12930817	4
GeneID:12930818	39
GeneID:12930819	273
GeneID:12930820	22
GeneID:12930821	2
GeneID:12930822	36
GeneID:12930823	127
GeneID:12930824	77
GeneID:12930825	180
GeneID:12930826	5
GeneID:12930827	247
GeneID:12930828	2
GeneID:12930829	2
GeneID:12930830	21
GeneID:12930831	18
GeneID:12930832	92
GeneID:12930833	391
GeneID:12930834	17
GeneID:12930835	60
GeneID:12930836	11
GeneID:12930837	75
GeneID:12930838	37
GeneID:12930839	180
GeneID:12930840	323
GeneID:12930841	200
GeneID:12930842	9
GeneID:12930843	498
GeneID:12930844	157
GeneID:12930845	3291
GeneID:12930846	179
GeneID:12930847	3605
GeneID:12930848	350
GeneID:12930849	459
GeneID:12930850	176
GeneID:12930851	37
GeneID:12930852	487
GeneID:12930853	36
GeneID:12930854	101
GeneID:12930855	90
GeneID:12930856	195
GeneID:12930857	8
GeneID:12930858	22
GeneID:12930859	549
GeneID:12930860	149
GeneID:12930861	86
GeneID:12930862	28
GeneID:12930863	122
GeneID:12930864	151
GeneID:12930865	1533
GeneID:12930866	765
GeneID:12930867	11
GeneID:12930868	37
GeneID:12930869	1
GeneID:12930870	0
GeneID:12930871	25
GeneID:12930872	1
GeneID:12930873	3
GeneID:12930874	0
GeneID:12930875	16
GeneID:12930876	19
GeneID:12930877	224
GeneID:12930878	7
GeneID:12930879	8
GeneID:12930880	2
GeneID:12930881	53
GeneID:12930882	2
GeneID:12930883	1
GeneID:12930884	0
GeneID:12930885	62
GeneID:12930886	7
GeneID:12930887	90
GeneID:12930888	489
GeneID:12930889	6872
GeneID:12930890	0
GeneID:12930891	0
GeneID:12930892	0
GeneID:12930893	2
GeneID:12930894	0
GeneID:12930895	6
GeneID:12930896	85
GeneID:12930897	51
GeneID:12930898	22
GeneID:12930899	13770
GeneID:12930900	1074
GeneID:12930901	495
GeneID:12930902	82
GeneID:12930903	26
GeneID:12930904	0
GeneID:12930905	64
GeneID:12930906	320
GeneID:12930907	68
GeneID:12930908	3
GeneID:12930909	0
GeneID:12930910	0
GeneID:12930911	388
GeneID:12930912	1
GeneID:12930913	0
GeneID:12930914	171
GeneID:12930915	18
GeneID:12930916	81
GeneID:12930917	231
GeneID:12930918	119
GeneID:12930919	97
GeneID:12930920	120
GeneID:12930921	471
GeneID:12930922	147
GeneID:12930923	69
GeneID:12930924	49
GeneID:12930925	36
GeneID:12930926	21
GeneID:12930927	405
GeneID:12930928	385
GeneID:12930929	1
GeneID:12930930	15
GeneID:12930931	128
GeneID:12930932	0
GeneID:12930933	7
GeneID:12930934	39
GeneID:12930935	0
GeneID:12930936	0
GeneID:12930937	272
GeneID:12930938	3
GeneID:12930939	150
GeneID:12930940	1
GeneID:12930941	114
GeneID:12930942	7136
GeneID:12930943	135
GeneID:12930944	33
GeneID:12930945	3
GeneID:12930946	1
GeneID:12930947	11855
GeneID:12930948	1783
GeneID:12930949	1136
GeneID:12930950	15257
GeneID:12930951	9996
GeneID:12930952	11863
GeneID:12930953	58
GeneID:12930954	347
GeneID:12930955	15
GeneID:12930956	589
GeneID:12930957	363
GeneID:12930958	8
GeneID:12930959	2
GeneID:12930960	6
GeneID:12930961	11
GeneID:12930962	1
GeneID:12930963	406
GeneID:12930964	110
GeneID:12930965	3
GeneID:12930966	115
GeneID:12930967	49
GeneID:12930968	8
GeneID:12930969	19
GeneID:12930970	113
GeneID:12930971	262
GeneID:12930972	344
GeneID:12930973	12
GeneID:12930974	19
GeneID:12930975	66
GeneID:12930976	1287
GeneID:12930977	1004
GeneID:12930978	103
GeneID:12930979	1260
GeneID:12930980	6018
GeneID:12930981	3
GeneID:12930982	2
GeneID:12930983	171
GeneID:12930984	22
GeneID:12930985	228
GeneID:12930986	1328
GeneID:12930987	1005
GeneID:12930988	973
GeneID:12930989	246
GeneID:12930990	162
GeneID:12930991	14
GeneID:12930992	64
GeneID:12930993	26
GeneID:12930994	70
GeneID:12930995	0
GeneID:12930996	13
GeneID:12930997	136
GeneID:12930998	94
GeneID:12930999	98
GeneID:12931000	45
GeneID:12931001	2
GeneID:12931002	13
GeneID:12931003	82
GeneID:12931004	138
GeneID:12931005	28
GeneID:12931006	17
GeneID:12931007	260
GeneID:12931008	362
GeneID:12931009	88
GeneID:12931010	322
GeneID:12931011	16
GeneID:12931012	635
GeneID:12931013	189
GeneID:12931014	6
GeneID:12931015	398
GeneID:12931016	258
GeneID:12931017	201
GeneID:12931018	1
GeneID:12931019	377
GeneID:12931020	111
GeneID:12931021	199
GeneID:12931022	780
GeneID:12931023	7
GeneID:12931024	11858
GeneID:12931025	7840
GeneID:12931026	142
GeneID:12931027	2569
GeneID:12931028	17
GeneID:12931029	6
GeneID:12931030	251
GeneID:12931031	242
GeneID:12931032	234
GeneID:12931033	32
GeneID:12931034	83
GeneID:12931035	21
GeneID:12931036	301
GeneID:12931037	63
GeneID:12931038	25150
GeneID:12931039	1
GeneID:12931040	12
GeneID:12931041	0
GeneID:12931042	0
GeneID:12931043	1647
GeneID:12931044	1
GeneID:12931045	31
GeneID:12931046	1
GeneID:12931047	42
GeneID:12931048	38
GeneID:12931049	4
GeneID:12931050	1
GeneID:12931051	6
GeneID:12931052	4
GeneID:12931053	0
GeneID:12931054	0
GeneID:12931055	0
GeneID:12931056	3
GeneID:12931057	271
GeneID:12931058	18
GeneID:12931059	105
GeneID:12931060	875
GeneID:12931061	5
GeneID:12931062	3
GeneID:12931063	11
GeneID:12931064	16
GeneID:12931065	0
GeneID:12931066	398
GeneID:12931067	284
GeneID:12931068	168
GeneID:12931069	51
GeneID:12931070	38
GeneID:12931071	27
GeneID:12931072	0
GeneID:12931073	23
GeneID:12931074	15
GeneID:12931075	1102
GeneID:12931076	167
GeneID:12931077	47
GeneID:12931078	1567
GeneID:12931079	44
GeneID:12931080	1042
GeneID:12931081	12
GeneID:12931082	146
GeneID:12931083	114
GeneID:12931084	316
GeneID:12931085	74
GeneID:12931086	1712
GeneID:12931087	25
GeneID:12931088	175
GeneID:12931089	322
GeneID:12931090	118
GeneID:12931091	201
GeneID:12931092	587
GeneID:12931093	5
GeneID:12931094	140
GeneID:12931095	269
GeneID:12931096	0
GeneID:12931097	1
GeneID:12931098	43
GeneID:12931099	443
GeneID:12931100	271
GeneID:12931101	155
GeneID:12931102	53
GeneID:12931103	55
GeneID:12931104	499
GeneID:12931105	34
GeneID:12931106	7
GeneID:12931107	196
GeneID:12931108	172
GeneID:12931109	89
GeneID:12931110	7468
GeneID:12931111	4200
GeneID:12931112	669
GeneID:12931113	213
GeneID:12931114	25
GeneID:12931115	248
GeneID:12931116	0
GeneID:12931117	13
GeneID:12931118	320
GeneID:12931119	54
GeneID:12931120	1526
GeneID:12931121	138
GeneID:12931122	13
GeneID:12931123	667
GeneID:12931124	0
GeneID:12931125	0
GeneID:12931126	103
GeneID:12931127	528
GeneID:12931128	70
GeneID:12931129	25
GeneID:12931130	12
GeneID:12931131	92
GeneID:12931132	135
GeneID:12931133	31
GeneID:12931134	125
GeneID:12931135	181
GeneID:12931136	101
GeneID:12931137	17
GeneID:12931138	111
GeneID:12931139	114
GeneID:12931140	3252
GeneID:12931141	3635
GeneID:12931142	79
GeneID:12931143	13
GeneID:12931144	889
GeneID:12931145	68
GeneID:12931146	72
GeneID:12931147	69
GeneID:12931148	133
GeneID:12931149	0
GeneID:12931150	1
GeneID:12931151	0
GeneID:12931152	1
GeneID:12931153	59
GeneID:12931154	96
GeneID:12931155	86
GeneID:12931156	293
GeneID:12931157	2116
GeneID:12931158	243
GeneID:12931159	118
GeneID:12931160	9
GeneID:12931161	530
GeneID:12931162	0
GeneID:12931163	0
GeneID:12931164	0
GeneID:12931165	0
GeneID:12931166	0
GeneID:12931167	0
GeneID:12931168	0
GeneID:12931169	0
GeneID:12931170	0
GeneID:12931171	0
GeneID:12931172	0
GeneID:12931173	0
GeneID:12931174	0
GeneID:12931175	0
GeneID:12931176	35
GeneID:12931177	0
GeneID:12931178	0
GeneID:12931179	27901
GeneID:12931180	213
GeneID:12931181	56
GeneID:12931182	19
GeneID:12931183	11
GeneID:12931184	38
GeneID:12931185	15
GeneID:12931186	16
GeneID:12931187	15
GeneID:12931188	0
GeneID:12931189	1207
GeneID:12931190	14
GeneID:12931191	0
GeneID:12931192	128
GeneID:12931193	17
GeneID:12931194	126
GeneID:12931195	28
GeneID:12931196	58
GeneID:12931197	36
GeneID:12931198	395
GeneID:12931199	13
GeneID:12931200	42
GeneID:12931201	57
GeneID:12931202	11
GeneID:12931203	48
GeneID:12931204	2781
GeneID:12931205	15
GeneID:12931206	8
GeneID:12931207	0
GeneID:12931208	9
GeneID:12931209	0
GeneID:12931210	7
GeneID:12931211	39
GeneID:12931212	443
GeneID:12931213	0
GeneID:12931214	1066
GeneID:12931215	314
GeneID:12931216	47
GeneID:12931217	25
GeneID:12931218	0
GeneID:12931219	32
GeneID:12931220	6
GeneID:12931221	3
GeneID:12931222	1
GeneID:12931223	1
GeneID:12931224	0
GeneID:12931225	116
GeneID:12931226	77
GeneID:12931227	12
GeneID:12931228	49
GeneID:12931229	53
GeneID:12931230	533
GeneID:12931231	351
GeneID:12931232	204
GeneID:12931233	94
GeneID:12931234	59
GeneID:12931235	6
GeneID:12931236	26
GeneID:12931237	0
GeneID:12931238	12
GeneID:12931239	34
GeneID:12931240	193
GeneID:12931241	33
GeneID:12931242	2
GeneID:12931243	0
GeneID:12931244	32
GeneID:12931245	0
GeneID:12931246	1
GeneID:12931247	4
GeneID:12931248	123
GeneID:12931249	143
GeneID:12931250	81
GeneID:12931251	3
GeneID:12931252	0
GeneID:12931253	0
GeneID:12931254	0
GeneID:12931255	0
GeneID:12931256	0
GeneID:12931257	614
GeneID:12931258	8
GeneID:12931259	11
GeneID:12931260	82
GeneID:12931261	411
GeneID:12931262	484
GeneID:12931263	53
GeneID:12931264	908
GeneID:12931265	10
GeneID:12931266	218
GeneID:12931267	6
GeneID:12931268	28
GeneID:12931269	3
GeneID:12931270	136
GeneID:12931271	2584
GeneID:12931272	54
GeneID:12931273	86
GeneID:12931274	240
GeneID:12931275	398
GeneID:12931276	12
GeneID:12931277	274
GeneID:12931278	361
GeneID:12931279	3
GeneID:12931280	11
GeneID:12931281	758
GeneID:12931282	20922
GeneID:12931283	135
GeneID:12931284	29
GeneID:12931285	71
GeneID:12931286	192
GeneID:12931287	145
GeneID:12931288	211
GeneID:12931289	52
GeneID:12931290	721
GeneID:12931291	7
GeneID:12931292	101
GeneID:12931293	449
GeneID:12931294	366
GeneID:12931295	93
GeneID:12931296	7
GeneID:12931297	9
GeneID:12931298	82
GeneID:12931299	12
GeneID:12931300	1
GeneID:12931301	1
GeneID:12931302	123
GeneID:12931303	15
GeneID:12931304	162
GeneID:12931305	19
GeneID:12931306	129
GeneID:12931307	83
GeneID:12931309	2114
GeneID:12931310	12
GeneID:12931311	38
GeneID:12931312	4
GeneID:12931313	1061
GeneID:12931314	9580
GeneID:12931315	194
GeneID:12931316	64
GeneID:12931317	1200
GeneID:12931318	381
GeneID:12931319	69
GeneID:12931320	0
GeneID:12931321	21
GeneID:12931322	27
GeneID:12931323	565
GeneID:12931324	2
GeneID:12931325	17
GeneID:12931326	22
GeneID:12931327	12
GeneID:12931328	444
GeneID:12931329	121
GeneID:12931330	60
GeneID:12931331	101
GeneID:12931332	13
GeneID:12931333	38
GeneID:12931334	47
GeneID:12931335	33
GeneID:12931336	204
GeneID:12931337	18
GeneID:12931338	4
GeneID:12931339	24
GeneID:12931340	116
GeneID:12931341	62
GeneID:12931342	5
GeneID:12931343	22
GeneID:12931344	187
GeneID:12931345	118
GeneID:12931346	150
GeneID:12931347	186
GeneID:12931348	406
GeneID:12931349	38
GeneID:12931350	34
GeneID:12931351	80
GeneID:12931352	9
GeneID:12931353	398
GeneID:12931354	146
GeneID:12931355	93
GeneID:12931356	5
GeneID:12931357	164
GeneID:12931358	336
GeneID:12931359	161
GeneID:12931360	6
GeneID:12931361	1517
GeneID:12931362	33
GeneID:12931363	30
GeneID:12931364	45
GeneID:12931365	40
GeneID:12931366	23
GeneID:12931367	25
GeneID:12931368	152
GeneID:12931369	195
GeneID:12931370	74
GeneID:12931371	23
GeneID:12931372	261
GeneID:12931373	8
GeneID:12931374	742
GeneID:12931375	5
GeneID:12931376	83
GeneID:12931377	2
GeneID:12931378	31
GeneID:12931379	76
GeneID:12931380	239
GeneID:12931381	4
GeneID:12931382	15
GeneID:12931383	77
GeneID:12931384	35
GeneID:12931385	351
GeneID:12931386	153
GeneID:12931387	46
GeneID:12931388	7
GeneID:12931389	176
GeneID:12931390	158
GeneID:12931391	100
GeneID:12931392	51
GeneID:12931393	2
GeneID:12931394	92
GeneID:12931395	28
GeneID:12931396	92
GeneID:12931397	82
GeneID:12931398	153
GeneID:12931399	14
GeneID:12931400	1049
GeneID:12931401	14
GeneID:12931402	0
GeneID:12931403	71
GeneID:12931404	79
GeneID:12931405	2
GeneID:12931406	81
GeneID:12931407	631
GeneID:12931408	39
GeneID:12931409	212
GeneID:12931410	220
GeneID:12931411	342
GeneID:12931412	6
GeneID:12931413	7
GeneID:12931414	1
GeneID:12931415	48
GeneID:12931416	401
GeneID:12931417	2
GeneID:12931418	129
GeneID:12931419	23
GeneID:12931420	246
GeneID:12931421	159
GeneID:12931422	490
GeneID:12931423	145
GeneID:12931424	300
GeneID:12931425	186
GeneID:12931426	189
GeneID:12931427	196
GeneID:12931428	28
GeneID:12931429	23
GeneID:12931430	1
GeneID:12931431	12
GeneID:12931432	21
GeneID:12931433	65
GeneID:12931434	77
GeneID:12931435	315
GeneID:12931436	1807
GeneID:12931437	1907
GeneID:12931438	1900
GeneID:12931439	47
GeneID:12931440	0
GeneID:12931441	3
GeneID:12931442	0
GeneID:12931443	1
GeneID:12931444	470
GeneID:12931445	0
GeneID:12931446	1
GeneID:12931447	4
GeneID:12931448	1
GeneID:12931449	6
GeneID:12931450	86
GeneID:12931451	23
GeneID:12931452	16
GeneID:12931453	4
GeneID:12931454	9
GeneID:12931455	23
GeneID:12931456	79
GeneID:12931457	727
GeneID:12931458	1368
GeneID:12931459	97
GeneID:12931460	22
GeneID:12931461	2
GeneID:12931462	0
GeneID:12931463	25
GeneID:12931464	62
GeneID:12931465	4
GeneID:12931466	13
GeneID:12931467	136
GeneID:12931468	10
GeneID:12931469	149
GeneID:12931470	41
GeneID:12931471	7
GeneID:12931472	125
GeneID:12931473	117
GeneID:12931474	57
GeneID:12931475	107
GeneID:12931476	110
GeneID:12931477	81
GeneID:12931478	498
GeneID:12931479	838
GeneID:12931480	111
GeneID:12931481	38
GeneID:12931482	224
GeneID:12931483	96
GeneID:12931484	386
GeneID:12931485	3
GeneID:12931486	64
GeneID:12931487	49
GeneID:12931488	72
GeneID:12931489	41
GeneID:12931490	6
GeneID:12931491	14
GeneID:12931492	63
GeneID:12931493	2
GeneID:12931494	21
GeneID:12931495	6
GeneID:12931496	6
GeneID:12931497	98
GeneID:12931498	643
GeneID:12931499	60
GeneID:12931500	21
GeneID:12931501	0
GeneID:12931502	23
GeneID:12931503	55
GeneID:12931504	19
GeneID:12931505	14
GeneID:12931506	5
GeneID:12931507	3
GeneID:12931508	16
GeneID:12931509	246
GeneID:12931510	345
GeneID:12931511	40
GeneID:12931512	164
GeneID:12931513	42
GeneID:12931514	212
GeneID:12931515	559
GeneID:12931516	837
GeneID:12931517	1789
GeneID:12931518	7083
GeneID:12931519	3465
GeneID:12931520	221
GeneID:12931521	216
GeneID:12931522	28
GeneID:12931523	24
GeneID:12931524	189
GeneID:12931525	305
GeneID:12931526	380
GeneID:12931527	1
GeneID:12931528	69
GeneID:12931529	135
GeneID:12931530	767
GeneID:12931531	1000
GeneID:12931532	69
GeneID:12931533	85
GeneID:12931534	270
GeneID:12931535	71
GeneID:12931536	3
GeneID:12931537	1
GeneID:12931538	326
GeneID:12931539	963
GeneID:12931540	551
GeneID:12931541	130
GeneID:12931542	2038
GeneID:12931543	2
GeneID:12931544	470
GeneID:12931545	11
GeneID:12931546	1
GeneID:12931547	41
GeneID:12931548	216
GeneID:12931549	37
GeneID:12931550	0
GeneID:12931551	33
GeneID:12931552	2
GeneID:12931553	6
GeneID:12931554	0
GeneID:12931555	0
GeneID:12931556	1
GeneID:12931557	0
GeneID:12931558	7
GeneID:12931559	56
GeneID:12931560	44
GeneID:12931561	134
GeneID:12931562	2
GeneID:12931563	2
GeneID:12931564	105
GeneID:12931565	128
GeneID:12931566	38
GeneID:12931567	5
GeneID:12931568	7
GeneID:12931569	280
GeneID:12931570	1
GeneID:12931571	7
GeneID:12931572	12
GeneID:12931573	16
GeneID:12931574	124
GeneID:12931575	79
GeneID:12931576	2718
GeneID:12931577	36
GeneID:12931578	1913
GeneID:12931579	86
GeneID:12931580	87
GeneID:12931581	50
GeneID:12931582	112
GeneID:12931583	154
GeneID:12931584	219
GeneID:12931585	15
GeneID:12931586	159
GeneID:12931587	80
GeneID:12931588	6
GeneID:12931589	73
GeneID:12931590	135
GeneID:12931591	9
GeneID:12931592	172
GeneID:12931593	923
GeneID:12931594	333
GeneID:12931595	927
GeneID:12931596	569
GeneID:12931597	40
GeneID:12931598	2283
GeneID:12931599	34
GeneID:12931600	347
GeneID:12931601	2
GeneID:12931602	1648
GeneID:12931603	209
GeneID:12931604	60
GeneID:12931605	120
GeneID:12931606	116
GeneID:12931607	385
GeneID:12931608	698
GeneID:12931609	449
GeneID:12931610	31
GeneID:12931611	21
GeneID:12931612	915
GeneID:12931613	129
GeneID:12931614	1458
GeneID:12931615	0
GeneID:12931616	12
GeneID:12931617	48
GeneID:12931618	47
GeneID:12931619	2348
GeneID:12931620	141
GeneID:12931621	1120
GeneID:12931622	796
GeneID:12931623	54
GeneID:12931624	2068
GeneID:12931625	79
GeneID:12931626	117
GeneID:12931627	0
GeneID:12931628	205
GeneID:12931629	198
GeneID:12931630	131
GeneID:12931631	4
GeneID:12931632	1
GeneID:12931633	1
GeneID:12931634	1
GeneID:12931635	7
GeneID:12931636	0
GeneID:12931637	21
GeneID:12931638	1
GeneID:12931639	2
GeneID:12931640	14
GeneID:12931641	162
GeneID:12931642	203
GeneID:12931643	91
GeneID:12931644	527
GeneID:12931645	24
GeneID:12931646	10
GeneID:12931647	1
GeneID:12931648	1816
GeneID:12931649	460
GeneID:12931650	19
GeneID:12931651	5
GeneID:12931652	14
GeneID:12931653	46
GeneID:12931654	217
GeneID:12931655	189
GeneID:12931656	7
GeneID:12931657	38
GeneID:12931658	1324
GeneID:12931659	15
GeneID:12931660	2
GeneID:12931661	120
GeneID:12931662	24
GeneID:12931663	615
GeneID:12931664	13
GeneID:12931665	174
GeneID:12931666	27
GeneID:12931667	314
GeneID:12931668	254
GeneID:12931669	1
GeneID:12931670	405
GeneID:12931671	2
GeneID:12931672	28
GeneID:12931673	185
GeneID:12931674	133
GeneID:12931675	0
GeneID:12931676	193
GeneID:12931677	67
GeneID:12931678	4240
GeneID:12931679	143
GeneID:12931680	0
GeneID:12931681	15
GeneID:12931682	1
GeneID:12931683	6
GeneID:12931684	4
GeneID:12931685	160
GeneID:12931686	409
GeneID:12931687	0
GeneID:12931688	1626
GeneID:12931689	529
GeneID:12931690	195
GeneID:12931691	708
GeneID:12931692	871
GeneID:12931693	8
GeneID:12931694	9
GeneID:12931695	56
GeneID:12931696	24
GeneID:12931697	1
GeneID:12931698	26
GeneID:12931699	66
GeneID:12931700	11
GeneID:12931701	4
GeneID:12931702	722
GeneID:12931703	719
GeneID:12931704	466
GeneID:12931705	0
GeneID:12931706	4
GeneID:12931707	7
GeneID:12931708	0
GeneID:12931709	74
GeneID:12931710	15
GeneID:12931711	60
GeneID:12931712	807
GeneID:12931713	43
GeneID:12931714	131
GeneID:12931715	8
GeneID:12931716	143
GeneID:12931717	36
GeneID:12931718	1
GeneID:12931719	17
GeneID:12931720	45
GeneID:12931721	144
GeneID:12931722	12
GeneID:12931723	6
GeneID:12931724	641
GeneID:12931725	12
GeneID:12931726	2
GeneID:12931727	81
GeneID:12931728	431
GeneID:12931729	358
GeneID:12931730	1586
GeneID:12931731	524
GeneID:12931732	6
GeneID:12931733	17
GeneID:12931734	15
GeneID:12931735	20
GeneID:12931736	1
GeneID:12931737	11
GeneID:12931738	1365
GeneID:12931739	1758
GeneID:12931740	1700
GeneID:12931741	1351
GeneID:12931742	685
GeneID:12931743	704
GeneID:12931744	84
GeneID:12931745	10
GeneID:12931746	17
GeneID:12931747	979
GeneID:12931748	52
GeneID:12931749	1
GeneID:12931750	8
GeneID:12931751	0
GeneID:12931752	1274
GeneID:12931753	64
GeneID:12931754	9
GeneID:12931755	186
GeneID:12931756	0
GeneID:12931757	1
GeneID:12931758	675
GeneID:12931759	71
GeneID:12931760	269
GeneID:12931761	5053
GeneID:12931762	54
GeneID:12931763	204
GeneID:12931764	114
GeneID:12931765	84
GeneID:12931767	327
GeneID:12931768	362
GeneID:12931769	1
GeneID:12931770	0
GeneID:12931771	15
GeneID:12931772	1
GeneID:12931773	418
GeneID:12931774	657
GeneID:12931775	416
GeneID:12931776	0
GeneID:12931777	14
GeneID:12931778	14
GeneID:12931779	0
GeneID:12931780	206
GeneID:12931781	97
GeneID:12931782	1091
GeneID:12931783	2
GeneID:12931784	0
GeneID:12931785	10523
GeneID:12931786	4
GeneID:12931787	6
GeneID:12931788	0
GeneID:12931789	21
GeneID:12931790	131
GeneID:12931791	1
GeneID:12931792	15
GeneID:12931793	43
GeneID:12931794	77
GeneID:12931795	40
GeneID:12931796	2
GeneID:12931797	203
GeneID:12931798	71
GeneID:12931799	3869
GeneID:12931800	8
GeneID:12931801	2181
GeneID:12931802	92
GeneID:12931803	351
GeneID:12931804	1823
GeneID:12931805	506
GeneID:12931806	216
GeneID:12931807	101
GeneID:12931808	13
GeneID:12931809	629
GeneID:12931810	70
GeneID:12931811	264
GeneID:12931812	1
GeneID:12931813	2
GeneID:12931814	113
GeneID:12931815	14
GeneID:12931816	1
GeneID:12931817	2358
GeneID:12931818	3401
GeneID:12931819	2912
GeneID:12931820	184
GeneID:12931821	593
GeneID:12931822	292
GeneID:12931823	2
GeneID:12931824	163
GeneID:12931825	17
GeneID:12931826	7
GeneID:12931827	1221
GeneID:12931828	296
GeneID:12931829	150
GeneID:12931830	22
GeneID:12931831	58
GeneID:12931832	0
GeneID:12931833	14
GeneID:12931834	669
GeneID:12931835	2166
GeneID:12931836	551
GeneID:12931837	16
GeneID:12931838	15
GeneID:12931839	875
GeneID:12931840	11
GeneID:12931841	5250
GeneID:12931842	101
GeneID:12931843	143
GeneID:12931844	8
GeneID:12931845	10
GeneID:12931846	20
GeneID:12931847	20
GeneID:12931848	53
GeneID:12931849	57
GeneID:12931850	1057
GeneID:12931851	41
GeneID:12931852	15
GeneID:12931853	329
GeneID:12931854	22
GeneID:12931855	17
GeneID:12931856	119
GeneID:12931857	6
GeneID:12931858	213
GeneID:12931859	19
GeneID:12931860	2
GeneID:12931861	11
GeneID:12931862	537
GeneID:12931863	25
GeneID:12931864	7
GeneID:12931865	70
GeneID:12931866	0
GeneID:12931867	1
GeneID:12931868	2
GeneID:12931869	11
GeneID:12931870	1
GeneID:12931871	250
GeneID:12931872	23
GeneID:12931873	3
GeneID:12931874	482
GeneID:12931875	146
GeneID:12931876	507
GeneID:12931877	1059
GeneID:12931878	127
GeneID:12931879	16
GeneID:12931880	26
GeneID:12931881	1
GeneID:12931882	35
GeneID:12931883	20
GeneID:12931884	21
GeneID:12931885	457
GeneID:12931886	372
GeneID:12931887	42
GeneID:12931888	252
GeneID:12931889	584
GeneID:12931890	5
GeneID:12931891	2467
GeneID:12931892	7
GeneID:12931893	2923
GeneID:12931894	2948
GeneID:12931895	0
GeneID:12931896	6
GeneID:12931897	149
GeneID:12931898	159
GeneID:12931899	1
GeneID:12931900	0
GeneID:12931901	31
GeneID:12931902	2
GeneID:12931903	29
GeneID:12931904	172
GeneID:12931905	7
GeneID:12931906	35
GeneID:12931907	2
GeneID:12931908	6
GeneID:12931909	36
GeneID:12931910	7
GeneID:12931911	199
GeneID:12931912	107
GeneID:12931913	0
GeneID:12931914	13
GeneID:12931915	17
GeneID:12931916	335
GeneID:12931917	4
GeneID:12931918	31
GeneID:12931919	33
GeneID:12931920	10
GeneID:12931921	9
GeneID:12931922	2
GeneID:12931923	5
GeneID:12931924	46
GeneID:12931925	34
GeneID:12931926	69
GeneID:12931927	142
GeneID:12931928	5
GeneID:12931929	7
GeneID:12931930	88
GeneID:12931931	2227
GeneID:12931932	38
GeneID:12931933	49
GeneID:12931934	59
GeneID:12931935	6
GeneID:12931936	10
GeneID:12931937	214
GeneID:12931938	420
GeneID:12931939	188
GeneID:12931940	24
GeneID:12931941	184
GeneID:12931942	84
GeneID:12931943	70
GeneID:12931944	563
GeneID:12931945	55
GeneID:12931946	290
GeneID:12931947	194
GeneID:12931948	61
GeneID:12931949	72
GeneID:12931950	259
GeneID:12931951	152
GeneID:12931952	102
GeneID:12931953	261
GeneID:12931954	262
GeneID:12931955	772
GeneID:12931956	3
GeneID:12931957	1642
GeneID:12931958	8
GeneID:12931959	0
GeneID:12931960	8118
GeneID:12931961	5
GeneID:12931962	62
GeneID:12931963	3
GeneID:12931964	330
GeneID:12931965	1
GeneID:12931966	6
GeneID:12931967	35
GeneID:12931968	27
GeneID:12931969	26
GeneID:12931970	669
GeneID:12931971	127
GeneID:12931972	25
GeneID:12931973	1
GeneID:12931974	2
GeneID:12931975	16
GeneID:12931976	22
GeneID:12931977	3
GeneID:12931978	21
GeneID:12931979	96
GeneID:12931980	16
GeneID:12931981	271
GeneID:12931982	11
GeneID:12931983	19
GeneID:12931984	94
GeneID:12931985	96
GeneID:12931986	78
GeneID:12931987	16
GeneID:12931988	66
GeneID:12931989	416
GeneID:12931990	102
GeneID:12931991	7074
GeneID:12931992	348
GeneID:12931993	223
GeneID:12931994	82
GeneID:12931995	204
GeneID:12931996	3
GeneID:12931997	476
GeneID:12931998	90
GeneID:12931999	196
GeneID:12932000	2579
GeneID:12932001	107
GeneID:12932002	487
GeneID:12932003	247
GeneID:12932004	18
GeneID:12932005	609
GeneID:12932006	22
GeneID:12932007	0
GeneID:12932008	149
GeneID:12932009	774
GeneID:12932010	53
GeneID:12932011	216
GeneID:12932012	2
GeneID:12932013	145
GeneID:12932014	1
GeneID:12932015	1
GeneID:12932016	1029
GeneID:12932017	92
GeneID:12932018	278
GeneID:12932019	293
GeneID:12932020	1107
GeneID:12932021	301
GeneID:12932022	38
GeneID:12932023	24
GeneID:12932024	3
GeneID:12932025	1541
GeneID:12932026	90
GeneID:12932027	127
GeneID:12932028	124
GeneID:12932029	2027
GeneID:12932030	0
GeneID:12932031	191
GeneID:12932032	245
GeneID:12932033	37
GeneID:12932034	1435
GeneID:12932035	1021
GeneID:12932036	427
GeneID:12932037	815
GeneID:12932038	133
GeneID:12932039	153
GeneID:12932040	64
GeneID:12932041	7
GeneID:12932042	668
GeneID:12932043	27
GeneID:12932044	20
GeneID:12932045	18
GeneID:12932046	8
GeneID:12932047	0
GeneID:12932048	38
GeneID:12932049	22
GeneID:12932050	18
GeneID:12932051	0
GeneID:12932052	2
GeneID:12932053	89
GeneID:12932054	8
GeneID:12932055	20
GeneID:12932056	3
GeneID:12932057	42
GeneID:12932058	111
GeneID:12932059	22
GeneID:12932060	39
GeneID:12932061	3
GeneID:12932062	0
GeneID:12932063	0
GeneID:12932064	620
GeneID:12932065	137
GeneID:12932066	574
GeneID:12932067	151
GeneID:12932068	0
GeneID:12932069	29
GeneID:12932070	0
GeneID:12932071	12
GeneID:12932072	421
GeneID:12932073	10
GeneID:12932074	2781
GeneID:12932075	124
GeneID:12932076	0
GeneID:12932077	1
GeneID:12932078	92
GeneID:12932079	8
GeneID:12932080	1204
GeneID:12932081	194
GeneID:12932082	126
GeneID:12932083	18
GeneID:12932084	153
GeneID:12932085	138
GeneID:12932086	418
GeneID:12932087	619
GeneID:12932088	481
GeneID:12932089	31
GeneID:12932090	20
GeneID:12932091	264
GeneID:12932092	5
GeneID:12932093	5
GeneID:12932094	22
GeneID:12932095	0
GeneID:12932096	8
GeneID:12932097	904
GeneID:12932098	0
GeneID:12932099	2650
GeneID:12932100	104
GeneID:12932101	119
GeneID:12932102	215
GeneID:12932103	770
GeneID:12932104	2
GeneID:12932105	470
GeneID:12932106	0
GeneID:12932107	200
GeneID:12932108	95
GeneID:12932109	27
GeneID:12932110	17
GeneID:12932111	14
GeneID:12932112	113
GeneID:12932113	357
GeneID:12932114	1268
GeneID:12932115	15
GeneID:12932116	11
GeneID:12932117	531
GeneID:12932118	246
GeneID:12932119	109
GeneID:12932120	262
GeneID:12932121	186
GeneID:12932122	79
GeneID:12932123	1100
GeneID:12932124	436
GeneID:12932125	11
GeneID:12932126	2
GeneID:12932127	1020
GeneID:12932128	107
GeneID:12932129	35
GeneID:12932130	90
GeneID:12932131	26
GeneID:12932132	213
GeneID:12932133	85
GeneID:12932134	61
GeneID:12932135	9
GeneID:12932136	26
GeneID:12932137	18
GeneID:12932138	0
GeneID:12932139	52
GeneID:12932140	171
GeneID:12932141	81
GeneID:12932142	31
GeneID:12932143	53
GeneID:12932144	0
GeneID:12932145	1
GeneID:12932146	18
GeneID:12932147	26
GeneID:12932148	1
GeneID:12932149	0
GeneID:12932150	13
GeneID:12932151	14
GeneID:12932152	122
GeneID:12932153	124
GeneID:12932154	127
GeneID:12932155	0
GeneID:12932156	53
GeneID:12932157	440
GeneID:12932158	1069
GeneID:12932159	0
GeneID:12932160	639
GeneID:12932161	4
GeneID:12932162	62
GeneID:12932163	40
GeneID:12932164	16
GeneID:12932165	30
GeneID:12932166	4
GeneID:12932167	73
GeneID:12932168	35
GeneID:12932169	26
GeneID:12932170	10
GeneID:12932171	18
GeneID:12932172	928
GeneID:12932173	32
GeneID:12932174	6
GeneID:12932175	403
GeneID:12932176	7
GeneID:12932177	81
GeneID:12932178	8
GeneID:12932179	415
GeneID:12932180	58
GeneID:12932181	70
GeneID:12932182	11588
GeneID:12932183	3278
GeneID:12932184	1
GeneID:12932185	319
GeneID:12932186	126
GeneID:12932187	3
GeneID:12932188	0
GeneID:12932189	1
GeneID:12932190	592
GeneID:12932191	8
GeneID:12932192	34
GeneID:12932193	165
GeneID:12932194	21
GeneID:12932195	2391
GeneID:12932196	87
GeneID:12932197	8
GeneID:12932198	53
GeneID:12932199	1117
GeneID:12932200	2
GeneID:12932201	4
GeneID:12932202	12
GeneID:12932203	38
GeneID:12932204	261
GeneID:12932205	1
GeneID:12932206	513
GeneID:12932207	451
GeneID:12932208	99
GeneID:12932209	4
GeneID:12932210	45
GeneID:12932211	108
GeneID:12932212	1
GeneID:12932213	1023
GeneID:12932214	303
GeneID:12932215	1292
GeneID:12932216	279
GeneID:12932217	25
GeneID:12932218	554
GeneID:12932219	91
GeneID:12932220	6
GeneID:12932221	17
GeneID:12932222	376
GeneID:12932223	48
GeneID:12932224	80
GeneID:12932225	561
GeneID:12932226	4346
GeneID:12932227	19
GeneID:12932228	182
GeneID:12932229	2
GeneID:12932230	502
GeneID:12932231	44
GeneID:12932232	35
GeneID:12932233	54
GeneID:12932234	43
GeneID:12932235	44
GeneID:12932236	40
GeneID:12932237	216
GeneID:12932238	367
GeneID:12932239	3
GeneID:12932240	291
GeneID:12932241	0
GeneID:12932242	421
GeneID:12932243	137
GeneID:12932244	112
GeneID:12932245	18
GeneID:12932246	4
GeneID:12932247	7
GeneID:12932248	69
GeneID:12932249	36
GeneID:12932250	1
GeneID:12932251	24
GeneID:12932252	12
GeneID:12932253	192
GeneID:12932254	22
GeneID:12932255	20
GeneID:12932256	717
GeneID:12932257	3022
GeneID:12932258	1253
GeneID:12932259	1987
GeneID:12932260	16
GeneID:12932261	163
GeneID:12932262	434
GeneID:12932263	203
GeneID:12932264	68
GeneID:12932265	217
GeneID:12932266	1
GeneID:12932267	4
GeneID:12932268	0
GeneID:12932269	1784
GeneID:12932270	30
GeneID:12932271	126
GeneID:12932272	322
GeneID:12932273	681
GeneID:12932274	6
GeneID:12932275	8
GeneID:12932276	75
GeneID:12932277	588
GeneID:12932278	116
GeneID:12932279	407
GeneID:12932280	0
GeneID:12932281	45
GeneID:12932282	267
GeneID:12932283	35
GeneID:12932284	32
GeneID:12932285	29
GeneID:12932286	12
GeneID:12932287	255
GeneID:12932288	366
GeneID:12932289	3169
GeneID:12932290	4
GeneID:12932291	8
GeneID:12932292	3050
GeneID:12932293	1416
GeneID:12932294	884
GeneID:12932295	3829
GeneID:12932296	1136
GeneID:12932297	2464
GeneID:12932298	3507
GeneID:12932299	2028
GeneID:12932300	15
GeneID:12932301	3
GeneID:12932302	1
GeneID:12932303	6
GeneID:12932304	1
GeneID:12932305	39
GeneID:12932306	18
GeneID:12932307	531
GeneID:12932308	425
GeneID:12932309	5080
GeneID:12932310	149
GeneID:12932311	841
GeneID:12932312	295
GeneID:12932313	1006
GeneID:12932314	21
GeneID:12932315	45
GeneID:12932316	38
GeneID:12932317	1
GeneID:12932318	48
GeneID:12932319	11
GeneID:12932320	7771
GeneID:12932321	15
GeneID:12932322	22
GeneID:12932323	8
GeneID:12932324	43
GeneID:12932325	1460
GeneID:12932326	3471
GeneID:12932327	86
GeneID:12932328	6
GeneID:12932329	1
GeneID:12932330	552
GeneID:12932331	23
GeneID:12932332	78
GeneID:12932333	72
GeneID:12932334	0
GeneID:12932335	0
GeneID:12932336	90
GeneID:12932337	31
GeneID:12932338	41
GeneID:12932339	15
GeneID:12932340	6
GeneID:12932341	59
GeneID:12932342	285
GeneID:12932343	592
GeneID:12932344	271
GeneID:12932345	159
GeneID:12932346	45
GeneID:12932347	79
GeneID:12932348	1
GeneID:12932349	1
GeneID:12932350	1
GeneID:12932351	2
GeneID:12932352	0
GeneID:12932353	353
GeneID:12932354	7
GeneID:12932355	409
GeneID:12932356	237
GeneID:12932357	118
GeneID:12932358	0
GeneID:12932359	200
GeneID:12932360	3817
GeneID:12932361	151
GeneID:12932362	35
GeneID:12932363	119
GeneID:12932364	59
GeneID:12932365	153
GeneID:12932366	385
GeneID:12932367	1802
GeneID:12932368	303
GeneID:12932369	141
GeneID:12932370	149
GeneID:12932371	129
GeneID:12932372	26
GeneID:12932373	31
GeneID:12932374	53
GeneID:12932375	1151
GeneID:12932376	9542
GeneID:12932377	2426
GeneID:12932378	11
GeneID:12932379	30
GeneID:12932380	11
GeneID:12932381	2756
GeneID:12932382	1
GeneID:12932383	27
GeneID:12932384	8
GeneID:12932385	214
GeneID:12932386	14
GeneID:12932387	13
GeneID:12932388	128
GeneID:12932389	677
GeneID:12932390	25
GeneID:12932391	40
GeneID:12932392	1535
GeneID:12932393	95
GeneID:12932394	168
GeneID:12932395	2
GeneID:12932396	696
GeneID:12932397	23
GeneID:12932398	46
GeneID:12932399	2
GeneID:12932400	2
GeneID:12932401	76
GeneID:12932402	169
GeneID:12932403	30
GeneID:12932404	29
GeneID:12932405	3
GeneID:12932406	24552
GeneID:12932407	191
GeneID:12932408	197
GeneID:12932409	1345
GeneID:12932410	0
GeneID:12932411	35
GeneID:12932412	31
GeneID:12932413	7
GeneID:12932414	9
GeneID:12932415	4
GeneID:12932416	0
GeneID:12932417	0
GeneID:12932418	479
GeneID:12932419	222
GeneID:12932420	97
GeneID:12932421	163
GeneID:12932422	117
GeneID:12932423	17
GeneID:12932424	3
GeneID:12932425	109
GeneID:12932426	1
GeneID:12932427	478
GeneID:12932428	15
GeneID:12932429	32
GeneID:12932430	28
GeneID:12932431	37
GeneID:12932432	2
GeneID:12932433	41
GeneID:12932434	3
GeneID:12932435	1
GeneID:12932436	3
GeneID:12932437	5
GeneID:12932438	7
GeneID:12932439	116
GeneID:12932440	415
GeneID:12932441	179
GeneID:12932442	147
GeneID:12932443	33
GeneID:12932444	217
GeneID:12932445	137
GeneID:12932446	98
GeneID:12932447	2
GeneID:12932448	87
GeneID:12932449	4
GeneID:12932450	9
GeneID:12932451	7
GeneID:12932452	11
GeneID:12932453	6
GeneID:12932454	7
GeneID:12932455	40
GeneID:12932456	14
GeneID:12932457	3228
GeneID:12932458	4
GeneID:12932459	8
GeneID:12932460	94
GeneID:12932461	1
GeneID:12932462	6
GeneID:12932463	1358
GeneID:12932464	0
GeneID:12932465	129
GeneID:12932466	20
GeneID:12932467	32
GeneID:12932468	5
GeneID:12932469	7
GeneID:12932470	148
GeneID:12932471	1
GeneID:12932472	971
GeneID:12932473	8185
GeneID:12932474	2614
GeneID:12932475	20
GeneID:12932476	213
GeneID:12932477	0
GeneID:12932478	7
GeneID:12932479	385
GeneID:12932480	6
GeneID:12932481	0
GeneID:12932482	7
GeneID:12932483	362
GeneID:12932484	165
GeneID:12932485	37
GeneID:12932486	102
GeneID:12932487	2
GeneID:12932488	105
GeneID:12932489	54
GeneID:12932490	11
GeneID:12932491	1475
GeneID:12932492	114
GeneID:12932493	2
GeneID:12932494	29
GeneID:12932495	10
GeneID:12932496	139
GeneID:12932497	42
GeneID:12932498	21
GeneID:12932499	2
GeneID:12932500	5
GeneID:12932501	0
GeneID:12932502	18
GeneID:12932503	294
GeneID:12932504	152
GeneID:12932505	3
GeneID:12932506	2501
GeneID:12932507	15
GeneID:12932508	388
GeneID:12932509	24
GeneID:12932510	366
GeneID:12932511	3
GeneID:12932512	16
GeneID:12932513	494
GeneID:12932514	2
GeneID:12932515	6
GeneID:12932516	16
GeneID:12932517	1693
GeneID:12932518	0
GeneID:12932519	158
GeneID:12932520	64
GeneID:12932521	425
GeneID:12932522	8
GeneID:12932523	207
GeneID:12932524	60
GeneID:12932525	0
GeneID:12932526	2
GeneID:12932527	787
GeneID:12932528	158
GeneID:12932529	56
GeneID:12932530	0
GeneID:12932531	1547
GeneID:12932532	420
GeneID:12932533	16
GeneID:12932534	2
GeneID:12932535	0
GeneID:12932536	20
GeneID:12932537	510
GeneID:12932538	56
GeneID:12932539	0
GeneID:12932540	69
GeneID:12932541	0
GeneID:12932542	23
GeneID:12932543	15
GeneID:12932544	37
GeneID:12932545	541
GeneID:12932546	69
GeneID:12932547	107
GeneID:12932548	16
GeneID:12932549	1
GeneID:12932550	0
GeneID:12932551	28
GeneID:12932552	92
GeneID:12932553	0
GeneID:12932554	0
GeneID:12932555	395
GeneID:12932556	43
GeneID:12932557	3
GeneID:12932558	20
GeneID:12932559	388
GeneID:12932560	505
GeneID:12932561	50
GeneID:12932562	14
GeneID:12932563	6
GeneID:12932564	43
GeneID:12932565	16
GeneID:12932566	33
GeneID:12932567	7
GeneID:12932568	123
GeneID:12932569	21
GeneID:12932570	62
GeneID:12932571	34
GeneID:12932572	6
GeneID:12932573	28
GeneID:12932574	6
GeneID:12932575	24
GeneID:12932576	145
GeneID:12932577	5
GeneID:12932578	0
GeneID:12932579	0
GeneID:12932580	691
GeneID:12932581	5
GeneID:12932582	14
GeneID:12932583	65
GeneID:12932584	2112
GeneID:12932585	92
GeneID:12932586	11
GeneID:12932587	17
GeneID:12932588	22
GeneID:12932589	591
GeneID:12932590	17
GeneID:12932591	130
GeneID:12932592	0
GeneID:12932593	226
GeneID:12932594	404
GeneID:12932595	14
GeneID:12932596	4
GeneID:12932597	12
GeneID:12932598	298
GeneID:12932599	126
GeneID:12932600	0
GeneID:12932601	1510
GeneID:12932602	8
GeneID:12932603	62
GeneID:12932604	45
GeneID:12932605	0
GeneID:12932606	0
GeneID:12932607	0
GeneID:12932608	0
GeneID:12932609	0
GeneID:12932610	4
GeneID:12932611	9
GeneID:12932612	71
GeneID:12932613	484
GeneID:12932614	1988
GeneID:12932615	30
GeneID:12932616	29
GeneID:12932617	0
GeneID:12932618	0
GeneID:12932619	910
GeneID:12932620	3486
GeneID:12932621	27
GeneID:12932622	56
GeneID:12932623	43
GeneID:12932624	2752
GeneID:12932625	0
GeneID:12932626	64
GeneID:12932627	37
GeneID:12932628	7
GeneID:12932629	94
GeneID:12932630	7
GeneID:12932631	13
GeneID:12932632	92
GeneID:12932633	0
GeneID:12932634	49
GeneID:12932635	1446
GeneID:12932636	14
GeneID:12932637	191
GeneID:12932638	326
GeneID:12932639	7
GeneID:12932640	80
GeneID:12932641	10
GeneID:12932642	27
GeneID:12932643	303
GeneID:12932644	67
GeneID:12932645	353
GeneID:12932646	158
GeneID:12932647	375
GeneID:12932648	339
GeneID:12932649	68
GeneID:12932650	51
GeneID:12932651	743
GeneID:12932652	55
GeneID:12932653	261
GeneID:12932654	102
GeneID:12932655	67
GeneID:12932656	45
GeneID:12932657	248
GeneID:12932658	400
GeneID:12932659	1
GeneID:12932660	247
GeneID:12932661	15
GeneID:12932662	172
GeneID:12932663	270
GeneID:12932664	64
GeneID:12932665	124
GeneID:12932666	1
GeneID:12932667	28
GeneID:12932668	1
GeneID:12932669	79
GeneID:12932670	44
GeneID:12932671	150
GeneID:12932672	178
GeneID:12932673	19
GeneID:12932674	2
GeneID:12932675	0
GeneID:12932676	42
GeneID:12932677	30
GeneID:12932678	1
GeneID:12932679	55
GeneID:12932680	225
GeneID:12932681	188
GeneID:12932682	237
GeneID:12932683	51
GeneID:12932684	55
GeneID:12932685	230
GeneID:12932686	199
GeneID:12932687	25
GeneID:12932688	74
GeneID:12932689	52
GeneID:12932690	11
GeneID:12932691	126
GeneID:12932692	3
GeneID:12932693	1295
GeneID:12932694	122
GeneID:12932695	558
GeneID:12932696	1348
GeneID:12932697	27
GeneID:12932698	7
GeneID:12932699	154
GeneID:12932700	8
GeneID:12932701	82
GeneID:12932702	45
GeneID:12932703	1
GeneID:12932704	87
GeneID:12932705	257
GeneID:12932706	2
GeneID:12932707	392
GeneID:12932708	332
GeneID:12932709	115
GeneID:12932710	1
GeneID:12932711	172
GeneID:12932712	50
GeneID:12932713	114
GeneID:12932714	575
GeneID:12932715	454
GeneID:12932716	699
GeneID:12932717	250
GeneID:12932718	51
GeneID:12932719	39
GeneID:12932720	239
GeneID:12932721	1016
GeneID:12932722	148
GeneID:12932723	30
GeneID:12932724	244
GeneID:12932725	77
GeneID:12932726	897
GeneID:12932727	36
GeneID:12932728	53
GeneID:12932729	71
GeneID:12932730	48
GeneID:12932731	637
GeneID:12932732	0
GeneID:12932733	307
GeneID:12932734	201
GeneID:12932735	48
GeneID:12932736	15
GeneID:12932737	161
GeneID:12932738	68
GeneID:12932739	9
GeneID:12932740	212
GeneID:12932741	16
GeneID:12932742	564
GeneID:12932743	110
GeneID:12932744	7
GeneID:12932745	523
GeneID:12932746	451
GeneID:12932747	249
GeneID:12932748	240
GeneID:12932749	0
GeneID:12932750	26
GeneID:12932751	67
GeneID:12932752	622
GeneID:12932753	276
GeneID:12932754	20
GeneID:12932755	247
GeneID:12932756	0
GeneID:12932757	32
GeneID:12932758	27
GeneID:12932759	0
GeneID:12932760	204
GeneID:12932761	22
GeneID:12932762	1
GeneID:12932763	0
GeneID:12932764	22
GeneID:12932765	1
GeneID:12932766	482
GeneID:12932767	448
GeneID:12932768	206
GeneID:12932769	200
GeneID:12932770	121
GeneID:12932771	5
GeneID:12932772	185
GeneID:12932773	1
GeneID:12932774	0
GeneID:12932775	21
GeneID:12932776	4
GeneID:12932777	1
GeneID:12932778	12
GeneID:12932779	1
GeneID:12932780	19
GeneID:12932781	6
GeneID:12932782	1
GeneID:12932783	147
GeneID:12932784	62
GeneID:12932785	152
GeneID:12932786	88
GeneID:12932787	211
GeneID:12932788	62
GeneID:12932789	1
GeneID:12932790	40
GeneID:12932791	609
GeneID:12932792	105
GeneID:12932793	797
GeneID:12932794	86
GeneID:12932795	2
GeneID:12932796	28
GeneID:12932797	2
GeneID:12932798	323
GeneID:12932799	3
GeneID:12932800	15
GeneID:12932801	291
GeneID:12932802	15
GeneID:12932803	1138
GeneID:12932804	5
GeneID:12932805	230
GeneID:12932806	48
GeneID:12932807	1
GeneID:12932808	4
GeneID:12932809	567
GeneID:12932810	119
GeneID:12932811	5
GeneID:12932812	0
GeneID:12932813	21
GeneID:12932814	22
GeneID:12932815	97
GeneID:12932816	6
GeneID:12932817	147
GeneID:12932818	331
GeneID:12932819	63
GeneID:12932820	1
GeneID:12932821	64
GeneID:12932822	7
GeneID:12932823	3
GeneID:12932824	16901
GeneID:12932825	7
GeneID:12932826	35
GeneID:12932827	355
GeneID:12932828	23
GeneID:12932829	24
GeneID:12932830	31
GeneID:12932831	134
GeneID:12932832	81
GeneID:12932833	175
GeneID:12932834	1425
GeneID:12932835	74
GeneID:12932836	76
GeneID:12932837	144
GeneID:12932838	9
GeneID:12932839	363
GeneID:12932840	43
GeneID:12932841	34
GeneID:12932842	158
GeneID:12932843	129
GeneID:12932844	1068
GeneID:12932845	874
GeneID:12932846	62
GeneID:12932847	8
GeneID:12932848	1
GeneID:12932849	6
GeneID:12932850	16
GeneID:12932851	78
GeneID:12932852	0
GeneID:12932853	33
GeneID:12932854	391
GeneID:12932855	55
GeneID:12932856	110
GeneID:12932857	28
GeneID:12932858	0
GeneID:12932859	500
GeneID:12932860	0
GeneID:12932861	86
GeneID:12932862	30
GeneID:12932863	349
GeneID:12932864	3336
GeneID:12932865	207
GeneID:12932866	154
GeneID:12932867	49
GeneID:12932868	3
GeneID:12932869	238
GeneID:12932870	188
GeneID:12932871	553
GeneID:12932872	148
GeneID:12932873	6
GeneID:12932874	74
GeneID:12932875	160
GeneID:12932876	81
GeneID:12932877	3
GeneID:12932878	80
GeneID:12932879	19
GeneID:12932880	12
GeneID:12932881	364
GeneID:12932882	217
GeneID:12932883	102
GeneID:12932884	1304
GeneID:12932885	4
GeneID:12932886	2019
GeneID:12932887	286
GeneID:12932888	129
GeneID:12932889	365
GeneID:12932890	38
GeneID:12932891	191
GeneID:12932892	505
GeneID:12932893	2525
GeneID:12932894	15
GeneID:12932895	33
GeneID:12932896	79
GeneID:12932897	131
GeneID:12932898	1548
GeneID:12932899	46
GeneID:12932900	3414
GeneID:12932901	45
GeneID:12932902	5
GeneID:12932903	416
GeneID:12932904	366
GeneID:12932905	20
GeneID:12932906	189
GeneID:12932907	37
GeneID:12932908	37802
GeneID:12932909	1
GeneID:12932910	296
GeneID:12932911	71
GeneID:12932912	126
GeneID:12932913	290
GeneID:12932914	28
GeneID:12932915	529
GeneID:12932916	1264
GeneID:12932917	131
GeneID:12932918	427
GeneID:12932919	168
GeneID:12932920	1814
GeneID:12932921	111
GeneID:12932922	604
GeneID:12932923	30040
GeneID:12932924	8
GeneID:12932925	195
GeneID:12932926	0
GeneID:12932927	451
GeneID:12932928	30
GeneID:12932929	61
GeneID:12932930	228
GeneID:12932931	78
GeneID:12932932	62
GeneID:12932933	74
GeneID:12932934	19
GeneID:12932935	0
GeneID:12932936	38
GeneID:12932937	206
GeneID:12932938	29
GeneID:12932939	875
GeneID:12932940	363
GeneID:12932941	538
GeneID:12932942	5
GeneID:12932943	126
GeneID:12932944	8
GeneID:12932945	5201
GeneID:12932946	1283
GeneID:12932947	306
GeneID:12932948	379
GeneID:12932949	235
GeneID:12932950	26
GeneID:12932951	15
GeneID:12932952	0
GeneID:12932953	0
GeneID:12932954	0
GeneID:12932955	0
GeneID:12932956	3650
GeneID:12932957	15
GeneID:12932958	1
GeneID:12932959	2
GeneID:12932960	45
GeneID:12932961	28
GeneID:12932962	78
GeneID:12932963	184
GeneID:12932964	71
GeneID:12932965	1020
GeneID:12932966	24
GeneID:12932967	122
GeneID:12932968	146
GeneID:12932969	253
GeneID:12932970	1902
GeneID:12932971	7
GeneID:12932972	321
GeneID:12932973	298
GeneID:12932974	1339
GeneID:12932975	0
GeneID:12932976	86
GeneID:12932977	1437
GeneID:12932978	112
GeneID:12932979	2
GeneID:12932980	45
GeneID:12932981	52
GeneID:12932982	7
GeneID:12932983	61
GeneID:12932984	124
GeneID:12932985	10
GeneID:12932986	162
GeneID:12932987	163
GeneID:12932988	69
GeneID:12932989	139
GeneID:12932990	550
GeneID:12932991	2
GeneID:12932992	81
GeneID:12932993	24
GeneID:12932994	9
GeneID:12932995	683
GeneID:12932996	52
GeneID:12932997	209
GeneID:12932998	373
GeneID:12932999	1
GeneID:12933000	14
GeneID:12933001	10
GeneID:12933002	0
GeneID:12933003	5
GeneID:12933004	2
GeneID:12933005	0
GeneID:12933006	26
GeneID:12933007	89
GeneID:12933008	7
GeneID:12933009	469
GeneID:12933010	4
GeneID:12933011	109
GeneID:12933012	3
GeneID:12933013	32
GeneID:12933014	125
GeneID:12933015	26
GeneID:12933016	44
GeneID:12933017	27
GeneID:12933018	16
GeneID:12933019	2
GeneID:12933020	1147
GeneID:12933021	431
GeneID:12933022	50
GeneID:12933023	2
GeneID:12933024	29
GeneID:12933025	3
GeneID:12933026	1
GeneID:12933027	4
GeneID:12933028	0
GeneID:12933029	12
GeneID:12933030	156
GeneID:12933031	9
GeneID:12933032	74
GeneID:12933033	9
GeneID:12933034	111
GeneID:12933035	390
GeneID:12933036	95
GeneID:12933037	295
GeneID:12933038	19
GeneID:12933039	1
GeneID:12933040	62
GeneID:12933041	51
GeneID:12933042	8
GeneID:12933043	9
GeneID:12933044	3
GeneID:12933045	213
GeneID:12933046	45
GeneID:12933047	4
GeneID:12933048	9
GeneID:12933049	13
GeneID:12933050	1
GeneID:12933051	0
GeneID:12933052	300
GeneID:12933053	162
GeneID:12933054	32
GeneID:12933055	23
GeneID:12933056	84
GeneID:12933057	3
GeneID:12933058	0
GeneID:12933059	69
GeneID:12933060	393
GeneID:12933061	40
GeneID:12933062	49
GeneID:12933063	7
GeneID:12933064	300
GeneID:12933065	6
GeneID:12933066	5
GeneID:12933067	33
GeneID:12933068	15
GeneID:12933069	6
GeneID:12933070	323
GeneID:12933071	57
GeneID:12933072	173
GeneID:12933073	507
GeneID:12933074	4
GeneID:12933075	5027
GeneID:12933076	168
GeneID:12933077	322
GeneID:12933078	19
GeneID:12933079	271
GeneID:12933080	6
GeneID:12933081	54
GeneID:12933082	0
GeneID:12933083	144
GeneID:12933084	29
GeneID:12933085	104
GeneID:12933086	220
GeneID:12933087	30
GeneID:12933088	2
GeneID:12933089	27
GeneID:12933090	10763
GeneID:12933091	12
GeneID:12933092	675
GeneID:12933093	140
GeneID:12933094	1483
GeneID:12933095	3
GeneID:12933096	57
GeneID:12933097	18
GeneID:12933098	417
GeneID:12933099	26
GeneID:12933100	392
GeneID:12933101	29
GeneID:12933102	95
GeneID:12933103	5
GeneID:12933104	277
GeneID:12933105	496
GeneID:12933106	2
GeneID:12933107	82
GeneID:12933108	0
GeneID:12933109	0
GeneID:12933110	3
GeneID:12933111	105
GeneID:12933112	64
GeneID:12933113	78
GeneID:12933114	7
GeneID:12933115	5649
GeneID:12933116	528
GeneID:12933117	4331
GeneID:12933118	0
GeneID:12933119	628
GeneID:12933120	10
GeneID:12933121	8
GeneID:12933122	35
GeneID:12933123	23
GeneID:12933124	7
GeneID:12933125	90
GeneID:12933126	1864
GeneID:12933127	225
GeneID:12933128	169
GeneID:12933129	55
GeneID:12933130	20
GeneID:12933131	66
GeneID:12933132	30
GeneID:12933133	26
GeneID:12933134	25
GeneID:12933135	267
GeneID:12933136	1643
GeneID:12933137	6
GeneID:12933138	1857
GeneID:12933139	82
GeneID:12933140	0
GeneID:12933141	117
GeneID:12933142	3788
GeneID:12933143	3
GeneID:12933144	0
GeneID:12933145	71
GeneID:12933146	29
GeneID:12933147	109
GeneID:12933148	27
GeneID:12933149	1484
GeneID:12933150	0
GeneID:12933151	2
GeneID:12933152	522
GeneID:12933153	12
GeneID:12933154	12
GeneID:12933155	149
GeneID:12933156	19
GeneID:12933157	23
GeneID:12933158	3
GeneID:12933159	3
GeneID:12933160	526
GeneID:12933161	56
GeneID:12933162	44
GeneID:12933163	72
GeneID:12933164	239
GeneID:12933165	2767
GeneID:12933166	95
GeneID:12933167	73
GeneID:12933168	84
GeneID:12933169	8
GeneID:12933170	9
GeneID:12933171	2
GeneID:12933172	2
GeneID:12933173	0
GeneID:12933174	0
GeneID:12933175	339
GeneID:12933176	156
GeneID:12933177	417
GeneID:12933178	67
GeneID:12933179	22
GeneID:12933180	89
GeneID:12933181	2
GeneID:12933182	370
GeneID:12933183	78
GeneID:12933184	264
GeneID:12933185	13
GeneID:12933186	276
GeneID:12933187	13820
GeneID:12933188	1169
GeneID:12933189	312
GeneID:12933190	633
GeneID:12933191	6
GeneID:12933192	44
GeneID:12933193	116
GeneID:12933194	0
GeneID:12933195	120
GeneID:12933196	17
GeneID:12933197	11
GeneID:12933198	3296
GeneID:12933199	3987
GeneID:12933200	626
GeneID:12933201	49
GeneID:12933202	39
GeneID:12933203	25
GeneID:12933204	1493
GeneID:12933205	139
GeneID:12933206	62
GeneID:12933207	20
GeneID:12933208	1
GeneID:12933209	1
GeneID:12933210	17
GeneID:12933211	174
GeneID:12933212	1
GeneID:12933213	6
GeneID:12933214	17
GeneID:12933215	33
GeneID:12933216	1
GeneID:12933217	1
GeneID:12933218	1
GeneID:12933219	2
GeneID:12933220	898
GeneID:12933221	42
GeneID:12933222	466
GeneID:12933223	46
GeneID:12933224	505
GeneID:12933225	38
GeneID:12933226	9
GeneID:12933227	317
GeneID:12933228	36
GeneID:12933229	26
GeneID:12933230	29
GeneID:12933231	331
GeneID:12933232	52
GeneID:12933233	5130
GeneID:12933234	625
GeneID:12933235	339
GeneID:12933236	8
GeneID:12933237	11
GeneID:12933238	5
GeneID:12933239	2
GeneID:12933240	643
GeneID:12933241	801
GeneID:12933242	832
GeneID:12933243	311
GeneID:12933244	10
GeneID:12933245	252
GeneID:12933246	25
GeneID:12933247	105
GeneID:12933248	497
GeneID:12933249	20
GeneID:12933250	63
GeneID:12933251	8
GeneID:12933252	1
GeneID:12933253	60
GeneID:12933254	371
GeneID:12933255	19
GeneID:12933256	0
GeneID:12933257	2
GeneID:12933258	0
GeneID:12933259	0
GeneID:12933260	0
GeneID:12933261	0
GeneID:12933262	0
GeneID:12933263	0
GeneID:12933264	0
GeneID:12933265	4
GeneID:12933266	94
GeneID:12933267	88
GeneID:12933268	23
GeneID:12933269	0
GeneID:12933270	1103
GeneID:12933271	104
GeneID:12933272	170
GeneID:12933273	18
GeneID:12933274	51
GeneID:12933275	59
GeneID:12933276	2949
GeneID:12933277	758
GeneID:12933278	100
GeneID:12933279	129
GeneID:12933280	4143
GeneID:12933281	15
GeneID:12933282	7432
GeneID:12933283	294
GeneID:12933284	425
GeneID:12933285	154
GeneID:12933286	135
GeneID:12933287	88
GeneID:12933288	89
GeneID:12933289	6615
GeneID:12933290	2
GeneID:12933291	145
GeneID:12933292	160
GeneID:12933293	45
GeneID:12933294	58
GeneID:12933295	14
GeneID:12933296	0
GeneID:12933297	7
GeneID:12933298	4
GeneID:12933299	4
GeneID:12933300	12
GeneID:12933301	45
GeneID:12933302	1
GeneID:12933303	5914
GeneID:12933304	1548
GeneID:12933305	148
GeneID:12933306	35
GeneID:12933307	51
GeneID:12933308	50
GeneID:12933309	22
GeneID:12933310	13
GeneID:12933311	168
GeneID:12933312	41
GeneID:12933313	375
GeneID:12933314	236
GeneID:12933315	31
GeneID:12933316	99
GeneID:12933317	0
GeneID:12933318	23
GeneID:12933319	0
GeneID:12933320	21
GeneID:12933321	22
GeneID:12933322	1
GeneID:12933323	4
GeneID:12933324	200
GeneID:12933325	33
GeneID:12933326	7
GeneID:12933327	15
GeneID:12933328	19
GeneID:12933329	37
GeneID:12933330	10
GeneID:12933331	46
GeneID:12933332	16
GeneID:12933333	8
GeneID:12933334	52
GeneID:12933335	6
GeneID:12933336	7
GeneID:12933337	5007
GeneID:12933338	35
GeneID:12933339	45
GeneID:12933340	1
GeneID:12933341	14
GeneID:12933342	3
GeneID:12933343	1494
GeneID:12933344	289
GeneID:12933345	112
GeneID:12933346	132
GeneID:12933347	106
GeneID:12933348	216
GeneID:12933349	3153
GeneID:12933350	257
GeneID:12933351	419
GeneID:12933352	2064
GeneID:12933353	62
GeneID:12933354	5
GeneID:12933355	0
GeneID:12933356	2
GeneID:12933357	1
GeneID:12933358	175
GeneID:12933359	3
GeneID:12933360	273
GeneID:12933361	0
GeneID:12933362	0
GeneID:12933363	436
GeneID:12933364	237
GeneID:12933365	71
GeneID:12933366	88
GeneID:12933367	69
GeneID:12933368	168
GeneID:12933369	7
GeneID:12933370	1
GeneID:12933371	790
GeneID:12933372	65
GeneID:12933373	63
GeneID:12933374	131
GeneID:12933375	635
GeneID:12933376	431
GeneID:12933377	1
GeneID:12933378	4
GeneID:12933379	23
GeneID:12933380	35
GeneID:12933381	92
GeneID:12933382	6
GeneID:12933383	0
GeneID:12933384	73
GeneID:12933385	34
GeneID:12933386	357
GeneID:12933387	408
GeneID:12933388	25
GeneID:12933389	1
GeneID:12933390	1
GeneID:12933391	505
GeneID:12933392	7
GeneID:12933393	188
GeneID:12933394	25
GeneID:12933395	877
GeneID:12933396	0
GeneID:12933397	15
GeneID:12933398	381
GeneID:12933399	260
GeneID:12933400	121
GeneID:12933401	443
GeneID:12933402	100
GeneID:12933403	93
GeneID:12933404	141
GeneID:12933405	94
GeneID:12933406	0
GeneID:12933407	21
GeneID:12933408	3
GeneID:12933409	135
GeneID:12933410	30
GeneID:12933411	22
GeneID:12933412	6
GeneID:12933413	260
GeneID:12933414	521
GeneID:12933415	32
GeneID:12933416	208
GeneID:12933417	109
GeneID:12933418	186
GeneID:12933419	62
GeneID:12933420	184
GeneID:12933421	36
GeneID:12933422	460
GeneID:12933423	30
GeneID:12933424	79
GeneID:12933425	18
GeneID:12933426	14
GeneID:12933427	0
GeneID:12933428	0
GeneID:12933429	367
GeneID:12933430	205
GeneID:12933431	2
GeneID:12933432	5
GeneID:12933433	112
GeneID:12933434	310
GeneID:12933435	286
GeneID:12933436	1090
GeneID:12933437	4190
GeneID:12933438	0
GeneID:12933439	739
GeneID:12933440	251
GeneID:12933441	94
GeneID:12933442	2669
GeneID:12933443	155
GeneID:12933444	855
GeneID:12933445	86
GeneID:12933446	0
GeneID:12933447	2
GeneID:12933448	72
GeneID:12933449	215
GeneID:12933450	583
GeneID:12933451	1334
GeneID:12933452	1583
GeneID:12933453	1
GeneID:12933454	103
GeneID:12933455	51
GeneID:12933456	6
GeneID:12933457	70
GeneID:12933458	56
GeneID:12933459	9
GeneID:12933460	67
GeneID:12933461	442
GeneID:12933462	1751
GeneID:12933463	12
GeneID:12933464	0
GeneID:12933465	6
GeneID:12933466	22
GeneID:12933467	196
GeneID:12933468	130
GeneID:12933469	40
GeneID:12933470	3
GeneID:12933471	1
GeneID:12933472	181
GeneID:12933473	32
GeneID:12933474	24
GeneID:12933475	65
GeneID:12933476	141
GeneID:12933477	4514
GeneID:12933478	48
GeneID:12933479	64
GeneID:12933480	13
GeneID:12933481	33
GeneID:12933482	0
GeneID:12933483	6
GeneID:12933484	164
GeneID:12933485	1
GeneID:12933486	3
GeneID:12933487	9
GeneID:12933488	3
GeneID:12933489	66
GeneID:12933490	2
GeneID:12933491	390
GeneID:12933492	243
GeneID:12933493	53
GeneID:12933494	247
GeneID:12933495	11
GeneID:12933496	10
GeneID:12933497	2
GeneID:12933498	1
GeneID:12933499	135
GeneID:12933500	3
GeneID:12933501	17
GeneID:12933502	45
GeneID:12933503	1010
GeneID:12933504	255
GeneID:12933505	461
GeneID:12933506	26
GeneID:12933507	1270
GeneID:12933508	1808
GeneID:12933509	2768
GeneID:12933510	1646
GeneID:12933511	129
GeneID:12933512	726
GeneID:12933513	2
GeneID:12933514	7
GeneID:12933515	51
GeneID:12933516	27
GeneID:12933517	0
GeneID:12933518	0
GeneID:12933519	543
GeneID:12933520	1139
GeneID:12933521	6
GeneID:12933522	1
GeneID:12933523	3930
GeneID:12933524	165
GeneID:12933525	8
GeneID:12933526	13
GeneID:12933527	16
GeneID:12933528	59
GeneID:12933529	1
GeneID:12933530	43
GeneID:12933531	4
GeneID:12933532	7
GeneID:12933533	12
GeneID:12933534	181
GeneID:12933535	24
GeneID:12933536	0
GeneID:12933537	15
GeneID:12933538	34
GeneID:12933539	69
GeneID:12933540	820
GeneID:12933541	794
GeneID:12933542	8
GeneID:12933543	274
GeneID:12933544	298
GeneID:12933545	30
GeneID:12933546	100
GeneID:12933547	343
GeneID:12933548	164
GeneID:12933549	146
GeneID:12933550	110
GeneID:12933551	1716
GeneID:12933552	29
GeneID:12933553	6
GeneID:12933554	0
GeneID:12933555	6
GeneID:12933556	24
GeneID:12933557	51
GeneID:12933558	15
GeneID:12933559	29
GeneID:12933560	0
GeneID:12933561	626
GeneID:12933562	2
GeneID:12933563	1
GeneID:12933564	3
GeneID:12933565	9
GeneID:12933566	72
GeneID:12933567	298
GeneID:12933568	26
GeneID:12933569	24
GeneID:12933570	47
GeneID:12933571	1986
GeneID:12933572	2
GeneID:12933573	32
GeneID:12933574	204
GeneID:12933575	109
GeneID:12933576	19
GeneID:12933577	418
GeneID:12933578	31
GeneID:12933579	15
GeneID:12933580	94
GeneID:12933581	236
GeneID:12933582	97
GeneID:12933583	98
GeneID:12933584	9
GeneID:12933585	11
GeneID:12933586	115
GeneID:12933587	6
GeneID:12933588	36
GeneID:12933589	65
GeneID:12933590	173
GeneID:12933591	79
GeneID:12933592	535
GeneID:12933593	26
GeneID:12933594	18
GeneID:12933595	0
GeneID:12933596	145
GeneID:12933597	44
GeneID:12933598	518
GeneID:12933599	466
GeneID:12933600	38535
GeneID:12933601	445
GeneID:12933602	1642
GeneID:12933603	22
GeneID:12933604	13
GeneID:12933605	3272
GeneID:12933606	2539
GeneID:12933607	120
GeneID:12933608	62
GeneID:12933609	18
GeneID:12933610	193
GeneID:12933611	14
GeneID:12933612	146
GeneID:12933613	31
GeneID:12933614	609
GeneID:12933615	243
GeneID:12933616	813
GeneID:12933617	1
GeneID:12933618	115
GeneID:12933619	202
GeneID:12933620	2
GeneID:12933621	0
GeneID:12933622	189
GeneID:12933623	215
GeneID:12933624	20
GeneID:12933625	177
GeneID:12933626	96
GeneID:12933627	15
GeneID:12933628	8
GeneID:12933629	95
GeneID:12933630	13
GeneID:12933631	264
GeneID:12933632	1769
GeneID:12933633	418
GeneID:12933634	161
GeneID:12933635	63
GeneID:12933636	3096
GeneID:12933637	1389
GeneID:12933638	8
GeneID:12933639	23
GeneID:12933640	5
GeneID:12933641	0
GeneID:12933642	1
GeneID:12933643	1
GeneID:12933644	12
GeneID:12933645	11
GeneID:12933646	175
GeneID:12933647	831
GeneID:12933648	2
GeneID:12933649	99
GeneID:12933650	430
GeneID:12933651	528
GeneID:12933652	1469
GeneID:12933653	1636
GeneID:12933654	390
GeneID:12933655	862
GeneID:12933656	248
GeneID:12933657	93
GeneID:12933658	0
GeneID:12933659	116
GeneID:12933660	133
GeneID:12933661	68
GeneID:12933662	21
GeneID:12933663	23
GeneID:12933664	272
GeneID:12933665	24
GeneID:12933666	18
GeneID:12933667	297
GeneID:12933668	768
GeneID:12933669	1901
GeneID:12933670	712
GeneID:12933671	1
GeneID:12933672	0
GeneID:12933673	265
GeneID:12933674	318
GeneID:12933675	164
GeneID:12933676	374
GeneID:12933677	967
GeneID:12933678	8
GeneID:12933679	80
GeneID:12933680	1115
GeneID:12933681	9766
GeneID:12933682	4
GeneID:12933683	6
GeneID:12933684	0
GeneID:12933685	132
GeneID:12933686	1
GeneID:12933687	12
GeneID:12933688	85
GeneID:12933689	6
GeneID:12933690	9
GeneID:12933691	166
GeneID:12933692	29
GeneID:12933693	621
GeneID:12933694	1371
GeneID:12933695	8
GeneID:12933696	251
GeneID:12933697	331
GeneID:12933698	3703
GeneID:12933699	70
GeneID:12933700	0
GeneID:12933701	55
GeneID:12933702	5089
GeneID:12933703	2
GeneID:12933704	74
GeneID:12933705	93
GeneID:12933706	72
GeneID:12933707	166
GeneID:12933708	21
GeneID:12933709	63
GeneID:12933710	157
GeneID:12933711	44
GeneID:12933712	1335
GeneID:12933713	1
GeneID:12933714	18
GeneID:12933715	519
GeneID:12933716	50
GeneID:12933717	69
GeneID:12933718	14
GeneID:12933719	33
GeneID:12933720	8
GeneID:12933721	13
GeneID:12933722	17
GeneID:12933723	0
GeneID:12933724	1446
GeneID:12933725	519
GeneID:12933726	3341
GeneID:12933727	8
GeneID:12933728	37
GeneID:12933729	10
GeneID:12933730	2457
GeneID:12933731	160
GeneID:12933732	1607
GeneID:12933733	204
GeneID:12933734	197
GeneID:12933735	25
GeneID:12933736	7
GeneID:12933737	0
GeneID:12933738	40
GeneID:12933739	19
GeneID:12933740	43
GeneID:12933741	1
GeneID:12933742	0
GeneID:12933743	36
GeneID:12933744	0
GeneID:12933745	81
GeneID:12933746	27
GeneID:12933747	52
GeneID:12933748	8
GeneID:12933749	17
GeneID:12933750	113
GeneID:12933751	72
GeneID:12933752	555
GeneID:12933753	56
GeneID:12933754	52
GeneID:12933755	5
GeneID:12933756	5
GeneID:12933757	7
GeneID:12933758	0
GeneID:12933759	17
GeneID:12933760	31
GeneID:12933761	102
GeneID:12933762	1
GeneID:12933763	17
GeneID:12933764	15
GeneID:12933765	0
GeneID:12933766	26
GeneID:12933767	0
GeneID:12933768	273
GeneID:12933769	43
GeneID:12933770	19
GeneID:12933771	64
GeneID:12933772	12
GeneID:12933773	34
GeneID:12933774	184
GeneID:12933775	1114
GeneID:12933776	174
GeneID:12933777	242
GeneID:12933778	31
GeneID:12933779	8
GeneID:12933780	75
GeneID:12933781	8
GeneID:12933782	1
GeneID:12933783	6
GeneID:12933784	152
GeneID:12933785	210
GeneID:12933786	258
GeneID:12933787	35
GeneID:12933788	6
GeneID:12933789	3
GeneID:12933790	1052
GeneID:12933791	47
GeneID:12933792	69
GeneID:12933793	189
GeneID:12933794	40
GeneID:12933795	217
GeneID:12933796	30
GeneID:12933797	502
GeneID:12933798	0
GeneID:12933799	518
GeneID:12933800	43
GeneID:12933801	19
GeneID:12933802	61
GeneID:12933803	8
GeneID:12933804	50
GeneID:12933805	9
GeneID:12933806	288
GeneID:12933807	647
GeneID:12933808	152
GeneID:12933809	44
GeneID:12933810	21
GeneID:12933811	3
GeneID:12933812	8
GeneID:12933813	0
GeneID:12933814	161
GeneID:12933815	8
GeneID:12933816	37
GeneID:12933817	31
GeneID:12933818	8
GeneID:12933819	47
GeneID:12933820	24
GeneID:12933821	14
GeneID:12933822	67
GeneID:12933823	94
GeneID:12933824	26
GeneID:12933825	221
GeneID:12933826	1
GeneID:12933827	2
GeneID:12933828	0
GeneID:12933829	0
GeneID:12933830	423
GeneID:12933831	489
GeneID:12933832	152
GeneID:12933833	182
GeneID:12933834	30
GeneID:12933835	50
GeneID:12933836	125
GeneID:12933837	87
GeneID:12933838	49
GeneID:12933839	1
GeneID:12933840	4473
GeneID:12933841	0
GeneID:12933842	24
GeneID:12933843	27
GeneID:12933844	2
GeneID:12933845	10
GeneID:12933846	12
GeneID:12933847	59
GeneID:12933848	176
GeneID:12933849	182
GeneID:12933850	242
GeneID:12933851	6
GeneID:12933852	107
GeneID:12933853	474
GeneID:12933854	28
GeneID:12933855	10
GeneID:12933856	0
GeneID:12933857	1
GeneID:12933858	0
GeneID:12933859	3
GeneID:12933860	2
GeneID:12933861	1
GeneID:12933862	3
GeneID:12933863	3
GeneID:12933864	0
GeneID:12933865	0
GeneID:12933866	0
GeneID:12933867	0
GeneID:12933868	0
GeneID:12933869	8
GeneID:12933870	36
GeneID:12933871	2
GeneID:12933872	1
GeneID:12933873	311
GeneID:12933874	1120
GeneID:12933875	69
GeneID:12933876	103
GeneID:12933877	18
GeneID:12933878	233
GeneID:12933879	55
GeneID:12933880	159
GeneID:12933881	1
GeneID:12933882	0
GeneID:12933883	0
GeneID:12933884	4
GeneID:12933885	0
GeneID:12933886	0
GeneID:12933887	14
GeneID:12933888	107
GeneID:12933889	11
GeneID:12933890	16
GeneID:12933891	53
GeneID:12933892	31
GeneID:12933893	1
GeneID:12933894	1
GeneID:12933895	0
GeneID:12933896	1
GeneID:12933897	41
GeneID:12933898	15
GeneID:12933899	109
GeneID:12933900	38
GeneID:12933901	1
GeneID:12933902	106
GeneID:12933903	71
GeneID:12933904	1179
GeneID:12933905	279
GeneID:12933906	10
GeneID:12933907	2
GeneID:12933908	25
GeneID:12933909	1
GeneID:12933910	43
GeneID:12933911	208
GeneID:12933912	598
GeneID:12933913	9310
GeneID:12933914	38
GeneID:12933915	42
GeneID:12933916	13
GeneID:12933917	57
GeneID:12933918	123
GeneID:12933919	355
GeneID:12933920	44
GeneID:12933921	158
GeneID:12933922	3
GeneID:12933923	269
GeneID:12933924	0
GeneID:12933925	79
GeneID:12933926	145
GeneID:12933927	1079
GeneID:12933928	30
GeneID:12933929	34
GeneID:12933930	377
GeneID:12933931	0
GeneID:12933932	165
GeneID:12933933	250
GeneID:12933934	2251
GeneID:12933935	339
GeneID:12933936	1
GeneID:12933937	1504
GeneID:12933938	6242
GeneID:12933939	34
GeneID:12933940	56
GeneID:12933941	0
GeneID:12933942	0
GeneID:12933943	8
GeneID:12933944	10
GeneID:12933945	8
GeneID:12933946	1
GeneID:12933947	10
GeneID:12933948	7
GeneID:12933949	45
GeneID:12933950	12
GeneID:12933951	508
GeneID:12933952	37
GeneID:12933953	1
GeneID:12933954	163
GeneID:12933955	51
GeneID:12933956	54
GeneID:12933957	0
GeneID:12933958	1
GeneID:12933959	1
GeneID:12933960	3
GeneID:12933961	461
GeneID:12933962	14
GeneID:12933963	208
GeneID:12933964	161
GeneID:12933965	11667
GeneID:12933966	21
GeneID:12933967	752
GeneID:12933968	1
GeneID:12933969	107
GeneID:12933970	79
GeneID:12933971	158
GeneID:12933972	324
GeneID:12933973	309
GeneID:12933974	52
GeneID:12933975	47
GeneID:12933976	194
GeneID:12933977	37
GeneID:12933978	27
GeneID:12933979	52
GeneID:12933980	977
GeneID:12933981	2236
GeneID:12933982	5747
GeneID:12933983	1116
GeneID:12933984	187
GeneID:12933985	217
GeneID:12933986	2625
GeneID:12933987	94
GeneID:12933988	200
GeneID:12933989	501
GeneID:12933990	211
GeneID:12933991	0
GeneID:12933992	255
GeneID:12933993	0
GeneID:12933994	2
GeneID:12933995	7
GeneID:12933996	191
GeneID:12933997	374
GeneID:12933998	141
GeneID:12933999	7
GeneID:12934001	47
GeneID:12934002	272
GeneID:12934003	33
GeneID:12934004	79
GeneID:12934005	133
GeneID:12934006	44
GeneID:12934007	6258
GeneID:12934008	1561
GeneID:12934009	57
GeneID:12934010	242
GeneID:12934011	1170
GeneID:12934012	940
GeneID:12934013	237
GeneID:12934014	3
GeneID:12934015	22
GeneID:12934016	3
GeneID:12934017	16
GeneID:12934018	213
GeneID:12934019	370
GeneID:12934020	160
GeneID:12934021	120
GeneID:12934022	22
GeneID:12934023	24
GeneID:12934024	46
GeneID:12934025	35
GeneID:12934026	0
GeneID:12934027	0
GeneID:12934028	0
GeneID:12934029	9
GeneID:12934030	5
GeneID:12934031	53
GeneID:12934032	2
GeneID:12934033	350
GeneID:12934034	32
GeneID:12934035	614
GeneID:12934036	41
GeneID:12934037	0
GeneID:12934038	473
GeneID:12934039	5
GeneID:12934040	123
GeneID:12934041	12
GeneID:12934042	3
GeneID:12934043	170
GeneID:12934044	46
GeneID:12934045	1
GeneID:12934046	4105
GeneID:12934047	57
GeneID:12934048	40
GeneID:12934049	13
GeneID:12934050	663
GeneID:12934051	124
GeneID:12934052	610
GeneID:12934053	24
GeneID:12934054	24
GeneID:12934055	29
GeneID:12934056	302
GeneID:12934057	0
GeneID:12934058	3
GeneID:12934059	4
GeneID:12934060	182
GeneID:12934061	278
GeneID:12934062	22091
GeneID:12934063	0
GeneID:12934064	8
GeneID:12934065	470
GeneID:12934066	9047
GeneID:12934067	1911
GeneID:12934068	8015
GeneID:12934069	14
GeneID:12934070	315
GeneID:12934071	3893
GeneID:12934072	410
GeneID:12934073	11
GeneID:12934074	87
GeneID:12934075	1854
GeneID:12934076	98
GeneID:12934077	2249
GeneID:12934078	2839
GeneID:12934079	294
GeneID:12934080	337
GeneID:12934081	63
GeneID:12934082	304
GeneID:12934083	12406
GeneID:12934084	92
GeneID:12934085	14
GeneID:12934086	5
GeneID:12934087	2
GeneID:12934088	13
GeneID:12934089	65
GeneID:12934090	20
GeneID:12934091	173
GeneID:12934092	20
GeneID:12934093	73
GeneID:12934094	162
GeneID:12934095	22
GeneID:12934096	1
GeneID:12934097	3
GeneID:12934098	0
GeneID:12934099	0
GeneID:12934100	0
GeneID:12934101	5
GeneID:12934102	1267
GeneID:12934103	1
GeneID:12934104	0
GeneID:12934105	44
GeneID:12934106	37
GeneID:12934107	607
GeneID:12934108	17
GeneID:12934109	1
GeneID:12934110	1
GeneID:12934111	10
GeneID:12934112	937
GeneID:12934113	0
GeneID:12934114	112
GeneID:12934115	1695
GeneID:12934116	0
GeneID:12934117	22
GeneID:12934118	232
GeneID:12934119	561
GeneID:12934120	7
GeneID:12934121	1
GeneID:12934122	104
GeneID:12934123	288
GeneID:12934124	88
GeneID:12934125	663
GeneID:12934126	4
GeneID:12934127	248
GeneID:12934128	2496
GeneID:12934129	518
GeneID:12934130	123
GeneID:12934131	79
GeneID:12934132	61
GeneID:12934133	35
GeneID:12934134	33
GeneID:12934135	444
GeneID:12934136	214
GeneID:12934137	21
GeneID:12934138	282
GeneID:12934139	147
GeneID:12934140	243
GeneID:12934141	127
GeneID:12934142	43
GeneID:12934143	3916
GeneID:12934144	15
GeneID:12934145	6
GeneID:12934146	31
GeneID:12934147	362
GeneID:12934148	31
GeneID:12934149	5
GeneID:12934150	71
GeneID:12934151	236
GeneID:12934152	47
GeneID:12934153	1
GeneID:12934154	12
GeneID:12934155	2
GeneID:12934156	21
GeneID:12934157	3
GeneID:12934158	68
GeneID:12934159	477
GeneID:12934160	58
GeneID:12934161	69
GeneID:12934162	0
GeneID:12934163	738
GeneID:12934164	9
GeneID:12934165	40
GeneID:12934166	1014
GeneID:12934167	1
GeneID:12934168	890
GeneID:12934169	12
GeneID:12934170	13
GeneID:12934171	658
GeneID:12934172	0
GeneID:12934173	32
GeneID:12934174	0
GeneID:12934175	2
GeneID:12934176	12
GeneID:12934177	66
GeneID:12934178	5
GeneID:12934179	100
GeneID:12934180	30
GeneID:12934181	192
GeneID:12934182	50
GeneID:12934183	0
GeneID:12934184	3
GeneID:12934185	26
GeneID:12934186	735
GeneID:12934187	4
GeneID:12934188	751
GeneID:12934189	18
GeneID:12934190	21
GeneID:12934191	5
GeneID:12934192	75
GeneID:12934193	7
GeneID:12934194	7
GeneID:12934195	112
GeneID:12934196	241
GeneID:12934197	14
GeneID:12934198	0
GeneID:12934199	3
GeneID:12934200	6
GeneID:12934201	0
GeneID:12934202	1
GeneID:12934203	182
GeneID:12934204	9
GeneID:12934205	3
GeneID:12934206	5
GeneID:12934207	17
GeneID:12934208	112
GeneID:12934209	17
GeneID:12934210	328
GeneID:12934211	1876
GeneID:12934212	153
GeneID:12934213	34
GeneID:12934214	1367
GeneID:12934215	4701
GeneID:12934216	371
GeneID:12934217	0
GeneID:12934218	0
GeneID:12934219	20
GeneID:12934220	0
GeneID:12934221	46
GeneID:12934222	4
GeneID:12934223	86
GeneID:12934224	458
GeneID:12934225	0
GeneID:12934226	355
GeneID:12934227	473
GeneID:12934228	68
GeneID:12934229	313
GeneID:12934230	49
GeneID:12934231	21
GeneID:12934232	3
GeneID:12934233	13
GeneID:12934234	27
GeneID:12934235	2
GeneID:12934236	4
GeneID:12934237	14
GeneID:12934238	0
GeneID:12934239	10
GeneID:12934240	173
GeneID:12934241	119
GeneID:12934242	1
GeneID:12934243	36
GeneID:12934244	79
GeneID:12934245	1331
GeneID:12934246	220
GeneID:12934247	48
GeneID:12934248	20
GeneID:12934249	347
GeneID:12934250	538
GeneID:12934251	0
GeneID:12934252	1
GeneID:12934253	63
GeneID:12934254	2493
GeneID:12934255	474
GeneID:12934256	0
GeneID:12934257	0
GeneID:12934258	122
GeneID:12934259	45
GeneID:12934260	311
GeneID:12934261	5
GeneID:12934262	838
GeneID:12934263	2
GeneID:12934264	404
GeneID:12934265	264
GeneID:12934266	3
GeneID:12934267	31
GeneID:12934268	12
GeneID:12934269	76
GeneID:12934270	17
GeneID:12934271	2
GeneID:12934272	2
GeneID:12934273	0
GeneID:12934274	93
GeneID:12934275	15
GeneID:12934276	173
GeneID:12934277	27
GeneID:12934278	6
GeneID:12934279	118
GeneID:12934280	812
GeneID:12934281	61
GeneID:12934282	204
GeneID:12934283	0
GeneID:12934284	5
GeneID:12934285	101
GeneID:12934286	469
GeneID:12934287	14
GeneID:12934288	13
GeneID:12934289	136
GeneID:12934290	16
GeneID:12934291	0
GeneID:12934292	67
GeneID:12934293	24801
GeneID:12934294	3
GeneID:12934295	1
GeneID:12934296	111
GeneID:12934297	0
GeneID:12934298	1
GeneID:12934299	800
GeneID:12934300	277
GeneID:12934301	306
GeneID:12934302	2
GeneID:12934303	344
GeneID:12934304	43
GeneID:12934305	688
GeneID:12934306	80
GeneID:12934307	3178
GeneID:12934308	77
GeneID:12934309	198
GeneID:12934310	145
GeneID:12934311	37
GeneID:12934312	414
GeneID:12934313	3462
GeneID:12934314	4
GeneID:12934315	5
GeneID:12934316	10
GeneID:12934317	4
GeneID:12934318	3
GeneID:12934319	4
GeneID:12934320	61
GeneID:12934321	223
GeneID:12934322	1327
GeneID:12934323	165
GeneID:12934324	0
GeneID:12934325	408
GeneID:12934326	874
GeneID:12934327	116
GeneID:12934328	220
GeneID:12934329	9527
GeneID:12934330	60
GeneID:12934331	1956
GeneID:12934332	2
GeneID:12934333	8
GeneID:12934334	7
GeneID:12934335	174
GeneID:12934336	3
GeneID:12934337	49
GeneID:12934338	49
GeneID:12934339	6
GeneID:12934340	14
GeneID:12934341	4
GeneID:12934342	5
GeneID:12934343	10
GeneID:12934344	246
GeneID:12934345	1
GeneID:12934346	488
GeneID:12934347	1750
GeneID:12934348	2
GeneID:12934349	8
GeneID:12934350	97
GeneID:12934351	126
GeneID:12934352	24
GeneID:12934353	491
GeneID:12934354	2
GeneID:12934355	6
GeneID:12934356	93
GeneID:12934357	472
GeneID:12934358	62
GeneID:12934359	170
GeneID:12934360	27
GeneID:12934361	451
GeneID:12934362	1488
GeneID:12934363	26
GeneID:12934364	33
GeneID:12934365	144
GeneID:12934366	3421
GeneID:12934367	25
GeneID:12934368	298
GeneID:12934369	57
GeneID:12934370	5
GeneID:12934371	28
GeneID:12934372	387
GeneID:12934373	42
GeneID:12934374	1141
GeneID:12934375	13
GeneID:12934376	835
GeneID:12934377	19
GeneID:12934378	22
GeneID:12934379	121
GeneID:12934380	91
GeneID:12934381	491
GeneID:12934382	370
GeneID:12934383	490
GeneID:12934384	5
GeneID:12934385	57
GeneID:12934386	16
GeneID:12934387	1
GeneID:12934388	0
GeneID:12934389	115
GeneID:12934390	4954
GeneID:12934391	716
GeneID:12934392	3209
GeneID:12934393	922
GeneID:12934394	4212
GeneID:12934395	14
GeneID:12934396	4
GeneID:12934397	68
GeneID:12934398	450
GeneID:12934399	24
GeneID:12934400	2986
GeneID:12934401	35
GeneID:12934402	1295
GeneID:12934403	125
GeneID:12934404	6982
GeneID:12934405	151
GeneID:12934406	44
GeneID:12934407	220
GeneID:12934408	1612
GeneID:12934409	1697
GeneID:12934410	5217
GeneID:12934411	17
GeneID:12934412	210
GeneID:12934413	96
GeneID:12934414	2531
GeneID:12934415	59
GeneID:12934416	378
GeneID:12934417	77
GeneID:12934418	56
GeneID:12934419	38
GeneID:12934420	178
GeneID:12934421	137
GeneID:12934422	230
GeneID:12934423	231
GeneID:12934424	172
GeneID:12934425	57
GeneID:12934426	136
GeneID:12934427	47
GeneID:12934428	395
GeneID:12934429	814
GeneID:12934430	343
GeneID:12934431	7
GeneID:12934432	32
GeneID:12934433	809
GeneID:12934434	2369
GeneID:12934435	396
GeneID:12934436	1880
GeneID:12934437	26
GeneID:12934438	1
GeneID:12934439	3709
GeneID:12934440	13
GeneID:12934441	364
GeneID:12934442	252
GeneID:12934443	4
GeneID:12934444	206
GeneID:12934445	2669
GeneID:12934446	6
GeneID:12934447	84
GeneID:12934448	565
GeneID:12934449	48
GeneID:12934450	2480
GeneID:12934451	248
GeneID:12934452	8
GeneID:12934453	83
GeneID:12934454	6740
GeneID:12934455	3593
GeneID:12934456	115
GeneID:12934457	90
GeneID:12934458	1050
GeneID:12934459	21
GeneID:12934461	48
GeneID:12934462	2187
GeneID:12934463	630
GeneID:12934464	149
GeneID:12934465	2914
GeneID:12934466	245
GeneID:12934467	96
GeneID:12934468	69
GeneID:12934469	904
GeneID:12934470	12
GeneID:12934471	26
GeneID:12934472	101
GeneID:12934473	110
GeneID:12934474	182
GeneID:12934475	78399
GeneID:12934476	91
GeneID:12934477	14
GeneID:12934478	9619
GeneID:12934479	324
GeneID:12934480	126
GeneID:12934481	49
GeneID:12934482	335
GeneID:12934483	139
GeneID:12934484	13
GeneID:12934485	15
GeneID:12934486	6
GeneID:12934487	30
GeneID:12934488	9899
GeneID:12934489	34
GeneID:12934490	111
GeneID:12934491	137
GeneID:12934492	165
GeneID:12934493	856
GeneID:12934494	193
GeneID:12934495	22
GeneID:12934496	1410
GeneID:12934497	175
GeneID:12934498	15
GeneID:12934499	13
GeneID:12934500	62
GeneID:12934501	594
GeneID:12934502	2884
GeneID:12934503	35
GeneID:12934504	146
GeneID:12934505	65
GeneID:12934506	97
GeneID:12934507	55
GeneID:12934508	110
GeneID:12934509	10
GeneID:12934510	25
GeneID:12934511	7
GeneID:12934512	275
GeneID:12934513	85
GeneID:12934514	252
GeneID:12934515	13
GeneID:12934516	138
GeneID:12934517	2512
GeneID:12934518	1121
GeneID:12934519	92
GeneID:12934520	0
GeneID:12934521	5
GeneID:12934522	478
GeneID:12934523	1227
GeneID:12934524	37
GeneID:12934525	2
GeneID:12934526	2506
GeneID:12934527	0
GeneID:12934528	0
GeneID:12934529	0
GeneID:12934530	463
GeneID:12934531	57
GeneID:12934532	35
GeneID:12934533	43
GeneID:12934534	46
GeneID:12934535	53
GeneID:12934536	120
GeneID:12934537	704
GeneID:12934538	904
GeneID:12934539	227
GeneID:12934540	51
GeneID:12934541	3
GeneID:12934542	1185
GeneID:12934543	96
GeneID:12934544	471
GeneID:12934545	2097
GeneID:12934546	1581
GeneID:12934547	2
GeneID:12934548	54
GeneID:12934549	12
GeneID:12934550	126
GeneID:12934551	94
GeneID:13406005	0
GeneID:13406006	0
__no_feature	59938
__ambiguous	70293
__too_low_aQual	0
__not_aligned	0
__alignment_not_unique	0
