GeneID:12930114	161
GeneID:12930115	32
GeneID:12930116	36
GeneID:12930117	7
GeneID:12930118	131
GeneID:12930119	43
GeneID:12930120	240
GeneID:12930121	15
GeneID:12930122	169
GeneID:12930123	50
GeneID:12930124	14
GeneID:12930125	268
GeneID:12930126	41
GeneID:12930127	18
GeneID:12930128	11
GeneID:12930129	119
GeneID:12930130	9
GeneID:12930131	2417
GeneID:12930132	847
GeneID:12930133	34
GeneID:12930134	6
GeneID:12930135	57
GeneID:12930136	35
GeneID:12930137	103
GeneID:12930138	24
GeneID:12930139	50
GeneID:12930140	23
GeneID:12930141	0
GeneID:12930142	8
GeneID:12930143	831
GeneID:12930144	2065
GeneID:12930145	947
GeneID:12930146	273
GeneID:12930147	188
GeneID:12930148	2
GeneID:12930149	25
GeneID:12930150	799
GeneID:12930151	686
GeneID:12930152	681
GeneID:12930153	1249
GeneID:12930154	92
GeneID:12930155	26
GeneID:12930156	3160
GeneID:12930157	22
GeneID:12930158	33
GeneID:12930159	451
GeneID:12930160	973
GeneID:12930161	7
GeneID:12930162	199
GeneID:12930163	160
GeneID:12930164	68
GeneID:12930165	203
GeneID:12930166	4
GeneID:12930167	47
GeneID:12930168	85
GeneID:12930169	0
GeneID:12930170	181
GeneID:12930171	5
GeneID:12930172	43
GeneID:12930173	42
GeneID:12930174	6
GeneID:12930175	20
GeneID:12930176	33
GeneID:12930177	249
GeneID:12930178	3075
GeneID:12930179	90
GeneID:12930180	933
GeneID:12930181	16
GeneID:12930182	21
GeneID:12930183	52
GeneID:12930184	22
GeneID:12930185	0
GeneID:12930186	54
GeneID:12930187	24
GeneID:12930188	50
GeneID:12930189	198
GeneID:12930190	352
GeneID:12930191	155
GeneID:12930192	123
GeneID:12930193	10
GeneID:12930194	18
GeneID:12930195	3
GeneID:12930196	3
GeneID:12930197	22
GeneID:12930198	14
GeneID:12930199	1354
GeneID:12930200	91
GeneID:12930201	94
GeneID:12930202	13
GeneID:12930203	0
GeneID:12930204	3
GeneID:12930205	2
GeneID:12930206	453
GeneID:12930207	155
GeneID:12930208	127
GeneID:12930209	68
GeneID:12930210	135
GeneID:12930211	625
GeneID:12930212	281
GeneID:12930213	41
GeneID:12930214	2098
GeneID:12930215	1460
GeneID:12930216	1505
GeneID:12930217	213814
GeneID:12930218	0
GeneID:12930219	0
GeneID:12930220	0
GeneID:12930221	48
GeneID:12930222	0
GeneID:12930223	25
GeneID:12930224	2135
GeneID:12930225	56
GeneID:12930226	8
GeneID:12930227	388
GeneID:12930228	150
GeneID:12930229	482
GeneID:12930230	124
GeneID:12930231	58
GeneID:12930232	1114
GeneID:12930233	48
GeneID:12930234	54
GeneID:12930235	10
GeneID:12930236	0
GeneID:12930237	0
GeneID:12930238	1
GeneID:12930239	0
GeneID:12930240	0
GeneID:12930241	0
GeneID:12930242	1268
GeneID:12930243	467
GeneID:12930244	283
GeneID:12930245	903
GeneID:12930246	266
GeneID:12930247	98
GeneID:12930248	12
GeneID:12930249	94
GeneID:12930250	165
GeneID:12930251	13
GeneID:12930252	446
GeneID:12930253	126
GeneID:12930254	19
GeneID:12930255	292
GeneID:12930256	247
GeneID:12930257	256
GeneID:12930258	17
GeneID:12930259	140
GeneID:12930260	567
GeneID:12930261	505
GeneID:12930262	32
GeneID:12930263	90
GeneID:12930264	4
GeneID:12930265	234
GeneID:12930266	1
GeneID:12930267	341
GeneID:12930268	39
GeneID:12930269	17
GeneID:12930270	13
GeneID:12930271	1
GeneID:12930272	16
GeneID:12930273	7
GeneID:12930274	29
GeneID:12930275	36
GeneID:12930276	16
GeneID:12930277	30
GeneID:12930278	37
GeneID:12930279	248
GeneID:12930280	379
GeneID:12930281	0
GeneID:12930282	2
GeneID:12930283	117
GeneID:12930284	57
GeneID:12930285	160
GeneID:12930286	236
GeneID:12930287	299
GeneID:12930288	1238
GeneID:12930289	876
GeneID:12930290	651
GeneID:12930291	642
GeneID:12930292	96
GeneID:12930293	1
GeneID:12930294	57272
GeneID:12930295	27
GeneID:12930296	0
GeneID:12930297	0
GeneID:12930298	59
GeneID:12930299	690
GeneID:12930300	319
GeneID:12930301	418
GeneID:12930302	707
GeneID:12930303	441
GeneID:12930304	41
GeneID:12930305	185
GeneID:12930306	64
GeneID:12930307	1248
GeneID:12930308	160
GeneID:12930309	280
GeneID:12930310	175
GeneID:12930311	5
GeneID:12930312	102
GeneID:12930313	389
GeneID:12930314	255
GeneID:12930315	452
GeneID:12930316	22
GeneID:12930317	41
GeneID:12930318	1861
GeneID:12930319	417
GeneID:12930320	23
GeneID:12930321	31
GeneID:12930322	1254
GeneID:12930323	7
GeneID:12930324	130
GeneID:12930325	223
GeneID:12930326	101
GeneID:12930327	770
GeneID:12930328	71
GeneID:12930329	641
GeneID:12930330	582
GeneID:12930331	1
GeneID:12930332	1247
GeneID:12930333	139
GeneID:12930334	109
GeneID:12930335	262
GeneID:12930336	1693
GeneID:12930337	51
GeneID:12930338	108
GeneID:12930339	8
GeneID:12930340	909
GeneID:12930341	51
GeneID:12930342	3
GeneID:12930343	700
GeneID:12930344	141
GeneID:12930345	208
GeneID:12930346	0
GeneID:12930347	189
GeneID:12930348	136
GeneID:12930349	2
GeneID:12930350	8
GeneID:12930351	28
GeneID:12930352	4
GeneID:12930353	425
GeneID:12930354	19
GeneID:12930355	13
GeneID:12930356	406
GeneID:12930357	141
GeneID:12930358	36
GeneID:12930359	173
GeneID:12930360	53
GeneID:12930361	30
GeneID:12930362	15
GeneID:12930363	308
GeneID:12930364	0
GeneID:12930365	1319
GeneID:12930366	49
GeneID:12930367	1103
GeneID:12930368	66
GeneID:12930369	1
GeneID:12930370	17
GeneID:12930371	12
GeneID:12930372	9
GeneID:12930373	4
GeneID:12930374	132
GeneID:12930375	283
GeneID:12930376	152
GeneID:12930377	375
GeneID:12930378	33
GeneID:12930379	15
GeneID:12930380	47
GeneID:12930381	6
GeneID:12930382	7
GeneID:12930383	39
GeneID:12930384	31
GeneID:12930385	9
GeneID:12930386	107
GeneID:12930387	28
GeneID:12930388	113
GeneID:12930389	0
GeneID:12930390	27
GeneID:12930391	80
GeneID:12930392	2702
GeneID:12930393	261
GeneID:12930394	401
GeneID:12930395	23223
GeneID:12930396	22534
GeneID:12930397	9
GeneID:12930398	1148
GeneID:12930399	1
GeneID:12930400	0
GeneID:12930401	1339
GeneID:12930402	4
GeneID:12930403	0
GeneID:12930404	107
GeneID:12930405	1
GeneID:12930406	241
GeneID:12930407	111
GeneID:12930408	214
GeneID:12930409	321
GeneID:12930410	1
GeneID:12930411	10
GeneID:12930412	308
GeneID:12930413	82
GeneID:12930414	43
GeneID:12930415	32
GeneID:12930416	20
GeneID:12930417	1
GeneID:12930418	42
GeneID:12930419	0
GeneID:12930420	241
GeneID:12930421	15
GeneID:12930422	54
GeneID:12930423	37
GeneID:12930424	20
GeneID:12930425	117
GeneID:12930426	101
GeneID:12930427	631
GeneID:12930428	58
GeneID:12930429	9
GeneID:12930430	2
GeneID:12930431	8
GeneID:12930432	101
GeneID:12930433	38
GeneID:12930434	32
GeneID:12930435	986
GeneID:12930436	63
GeneID:12930437	5063
GeneID:12930438	459
GeneID:12930439	466
GeneID:12930440	28
GeneID:12930441	8
GeneID:12930442	142
GeneID:12930443	193
GeneID:12930444	7
GeneID:12930445	359
GeneID:12930446	15
GeneID:12930447	0
GeneID:12930448	3
GeneID:12930449	19
GeneID:12930450	368
GeneID:12930451	4
GeneID:12930452	4
GeneID:12930453	41
GeneID:12930454	63
GeneID:12930455	1079
GeneID:12930456	93
GeneID:12930457	179
GeneID:12930458	72
GeneID:12930459	122
GeneID:12930460	0
GeneID:12930461	0
GeneID:12930462	0
GeneID:12930463	0
GeneID:12930464	788
GeneID:12930465	31
GeneID:12930466	231
GeneID:12930467	2
GeneID:12930468	50
GeneID:12930469	214
GeneID:12930470	76
GeneID:12930471	57
GeneID:12930472	107
GeneID:12930473	536
GeneID:12930474	1593
GeneID:12930475	42
GeneID:12930476	0
GeneID:12930477	5
GeneID:12930478	15
GeneID:12930479	103
GeneID:12930480	51
GeneID:12930481	13
GeneID:12930482	42
GeneID:12930483	99
GeneID:12930484	395
GeneID:12930485	81
GeneID:12930486	9
GeneID:12930487	0
GeneID:12930488	149
GeneID:12930489	44
GeneID:12930490	34
GeneID:12930491	82
GeneID:12930492	123
GeneID:12930493	64
GeneID:12930494	362
GeneID:12930495	52373
GeneID:12930496	1
GeneID:12930497	1
GeneID:12930498	89
GeneID:12930499	558
GeneID:12930500	2226
GeneID:12930501	15
GeneID:12930502	45
GeneID:12930503	3
GeneID:12930504	117
GeneID:12930505	17
GeneID:12930506	1
GeneID:12930507	0
GeneID:12930508	142
GeneID:12930509	0
GeneID:12930510	3432
GeneID:12930511	405
GeneID:12930512	3095
GeneID:12930513	29
GeneID:12930514	4167
GeneID:12930515	3068
GeneID:12930516	646
GeneID:12930517	598
GeneID:12930518	7223
GeneID:12930519	886
GeneID:12930520	802
GeneID:12930521	1
GeneID:12930522	52
GeneID:12930523	1672
GeneID:12930524	5
GeneID:12930525	0
GeneID:12930526	4967
GeneID:12930527	19
GeneID:12930528	934
GeneID:12930529	156
GeneID:12930530	404
GeneID:12930531	3
GeneID:12930532	3
GeneID:12930533	282
GeneID:12930534	17190
GeneID:12930535	40
GeneID:12930536	117
GeneID:12930537	9
GeneID:12930538	80
GeneID:12930539	754
GeneID:12930540	134
GeneID:12930541	416
GeneID:12930542	642
GeneID:12930543	1185
GeneID:12930544	57
GeneID:12930545	10
GeneID:12930546	32
GeneID:12930547	82
GeneID:12930548	56
GeneID:12930549	270
GeneID:12930550	21
GeneID:12930551	3
GeneID:12930552	5
GeneID:12930553	70
GeneID:12930554	0
GeneID:12930555	1
GeneID:12930556	360
GeneID:12930557	946
GeneID:12930558	119
GeneID:12930559	12
GeneID:12930560	14
GeneID:12930561	23
GeneID:12930562	118
GeneID:12930563	0
GeneID:12930564	43
GeneID:12930565	42
GeneID:12930566	10
GeneID:12930567	14
GeneID:12930568	52
GeneID:12930569	175
GeneID:12930570	28
GeneID:12930571	632
GeneID:12930572	1
GeneID:12930573	189
GeneID:12930574	182
GeneID:12930575	7
GeneID:12930576	490
GeneID:12930577	52
GeneID:12930578	3
GeneID:12930579	5
GeneID:12930580	218
GeneID:12930581	109
GeneID:12930582	213
GeneID:12930583	276
GeneID:12930584	212
GeneID:12930585	1557
GeneID:12930586	0
GeneID:12930587	100
GeneID:12930588	469
GeneID:12930589	62
GeneID:12930590	738
GeneID:12930591	7
GeneID:12930592	80
GeneID:12930593	376
GeneID:12930594	221
GeneID:12930595	1260
GeneID:12930596	246
GeneID:12930597	34
GeneID:12930598	891
GeneID:12930599	142
GeneID:12930600	66
GeneID:12930601	271
GeneID:12930602	2
GeneID:12930603	919
GeneID:12930604	1102
GeneID:12930605	31
GeneID:12930606	930
GeneID:12930607	14
GeneID:12930608	155
GeneID:12930609	394
GeneID:12930610	154
GeneID:12930611	1830
GeneID:12930612	129
GeneID:12930613	18
GeneID:12930614	231
GeneID:12930615	114
GeneID:12930616	0
GeneID:12930617	335
GeneID:12930618	10
GeneID:12930619	299
GeneID:12930620	4
GeneID:12930621	4
GeneID:12930622	642
GeneID:12930623	119
GeneID:12930624	31
GeneID:12930625	242
GeneID:12930626	263
GeneID:12930627	0
GeneID:12930628	35
GeneID:12930629	44
GeneID:12930630	1
GeneID:12930631	1
GeneID:12930632	659
GeneID:12930633	66
GeneID:12930634	2
GeneID:12930635	6
GeneID:12930636	29
GeneID:12930637	24
GeneID:12930638	415
GeneID:12930639	83
GeneID:12930640	694
GeneID:12930641	1542
GeneID:12930642	1
GeneID:12930643	2
GeneID:12930644	312
GeneID:12930645	759
GeneID:12930646	758
GeneID:12930647	1749
GeneID:12930648	113
GeneID:12930649	117
GeneID:12930650	959
GeneID:12930651	1187
GeneID:12930652	11
GeneID:12930653	152
GeneID:12930654	298
GeneID:12930655	1818
GeneID:12930656	0
GeneID:12930657	41
GeneID:12930658	0
GeneID:12930659	162
GeneID:12930660	3
GeneID:12930661	10
GeneID:12930662	95
GeneID:12930663	649
GeneID:12930664	359
GeneID:12930665	222
GeneID:12930666	23
GeneID:12930667	8
GeneID:12930668	12
GeneID:12930669	19
GeneID:12930670	4
GeneID:12930671	0
GeneID:12930672	3
GeneID:12930673	175
GeneID:12930674	237
GeneID:12930675	3
GeneID:12930676	105
GeneID:12930677	23
GeneID:12930678	326
GeneID:12930679	2924
GeneID:12930680	952
GeneID:12930681	52
GeneID:12930682	18
GeneID:12930683	30
GeneID:12930684	1468
GeneID:12930685	632
GeneID:12930686	518
GeneID:12930687	33
GeneID:12930688	198
GeneID:12930689	111
GeneID:12930690	557
GeneID:12930691	447
GeneID:12930692	94
GeneID:12930693	9
GeneID:12930694	1
GeneID:12930695	0
GeneID:12930696	33
GeneID:12930697	37
GeneID:12930698	66
GeneID:12930699	3
GeneID:12930700	18
GeneID:12930701	53
GeneID:12930702	1
GeneID:12930703	1527
GeneID:12930704	262
GeneID:12930705	11
GeneID:12930706	1429
GeneID:12930707	22249
GeneID:12930708	112
GeneID:12930709	272
GeneID:12930710	103
GeneID:12930711	64
GeneID:12930712	1081
GeneID:12930713	647
GeneID:12930714	4671
GeneID:12930715	1427
GeneID:12930716	12411
GeneID:12930717	26
GeneID:12930718	2
GeneID:12930719	3
GeneID:12930720	408
GeneID:12930721	10
GeneID:12930722	2443
GeneID:12930723	1225
GeneID:12930724	3
GeneID:12930725	165
GeneID:12930726	167
GeneID:12930727	17
GeneID:12930728	5
GeneID:12930729	1855
GeneID:12930730	72
GeneID:12930731	737
GeneID:12930732	110
GeneID:12930733	41
GeneID:12930734	243
GeneID:12930735	13
GeneID:12930736	414
GeneID:12930737	81
GeneID:12930738	182
GeneID:12930739	372
GeneID:12930740	136
GeneID:12930741	75
GeneID:12930742	71
GeneID:12930743	0
GeneID:12930744	5
GeneID:12930745	3
GeneID:12930746	12
GeneID:12930747	4
GeneID:12930748	2651
GeneID:12930749	177
GeneID:12930750	23
GeneID:12930751	1104
GeneID:12930752	1225
GeneID:12930753	306
GeneID:12930754	1144
GeneID:12930755	54
GeneID:12930756	1555
GeneID:12930757	222
GeneID:12930758	102
GeneID:12930759	1091
GeneID:12930760	90
GeneID:12930761	62
GeneID:12930762	49
GeneID:12930763	129
GeneID:12930764	8
GeneID:12930765	0
GeneID:12930766	0
GeneID:12930767	4
GeneID:12930768	26
GeneID:12930769	7
GeneID:12930770	0
GeneID:12930771	2526
GeneID:12930772	6
GeneID:12930773	442
GeneID:12930774	577
GeneID:12930775	1
GeneID:12930776	2193
GeneID:12930777	44
GeneID:12930778	136
GeneID:12930779	51
GeneID:12930780	5
GeneID:12930781	34
GeneID:12930782	18
GeneID:12930783	159
GeneID:12930784	12
GeneID:12930785	17
GeneID:12930786	6
GeneID:12930787	5
GeneID:12930788	2
GeneID:12930789	223
GeneID:12930790	186
GeneID:12930791	4
GeneID:12930792	3
GeneID:12930793	59
GeneID:12930794	3
GeneID:12930795	14
GeneID:12930796	9
GeneID:12930797	2
GeneID:12930798	16
GeneID:12930799	3
GeneID:12930800	1
GeneID:12930801	0
GeneID:12930802	12
GeneID:12930803	32
GeneID:12930804	6
GeneID:12930805	2
GeneID:12930806	17
GeneID:12930807	76
GeneID:12930808	163
GeneID:12930809	0
GeneID:12930810	6
GeneID:12930811	3
GeneID:12930812	164
GeneID:12930813	185
GeneID:12930814	0
GeneID:12930815	0
GeneID:12930816	0
GeneID:12930817	2
GeneID:12930818	28
GeneID:12930819	210
GeneID:12930820	31
GeneID:12930821	9
GeneID:12930822	64
GeneID:12930823	244
GeneID:12930824	108
GeneID:12930825	199
GeneID:12930826	13
GeneID:12930827	206
GeneID:12930828	0
GeneID:12930829	12
GeneID:12930830	22
GeneID:12930831	17
GeneID:12930832	154
GeneID:12930833	439
GeneID:12930834	28
GeneID:12930835	52
GeneID:12930836	23
GeneID:12930837	67
GeneID:12930838	25
GeneID:12930839	248
GeneID:12930840	384
GeneID:12930841	237
GeneID:12930842	17
GeneID:12930843	517
GeneID:12930844	105
GeneID:12930845	4968
GeneID:12930846	426
GeneID:12930847	4709
GeneID:12930848	372
GeneID:12930849	581
GeneID:12930850	175
GeneID:12930851	41
GeneID:12930852	511
GeneID:12930853	46
GeneID:12930854	87
GeneID:12930855	57
GeneID:12930856	196
GeneID:12930857	17
GeneID:12930858	33
GeneID:12930859	625
GeneID:12930860	205
GeneID:12930861	92
GeneID:12930862	28
GeneID:12930863	137
GeneID:12930864	210
GeneID:12930865	1716
GeneID:12930866	591
GeneID:12930867	15
GeneID:12930868	61
GeneID:12930869	3
GeneID:12930870	0
GeneID:12930871	42
GeneID:12930872	7
GeneID:12930873	0
GeneID:12930874	0
GeneID:12930875	20
GeneID:12930876	33
GeneID:12930877	302
GeneID:12930878	4
GeneID:12930879	15
GeneID:12930880	4
GeneID:12930881	49
GeneID:12930882	0
GeneID:12930883	0
GeneID:12930884	5
GeneID:12930885	83
GeneID:12930886	4
GeneID:12930887	133
GeneID:12930888	388
GeneID:12930889	6952
GeneID:12930890	4
GeneID:12930891	8
GeneID:12930892	0
GeneID:12930893	3
GeneID:12930894	0
GeneID:12930895	18
GeneID:12930896	82
GeneID:12930897	81
GeneID:12930898	23
GeneID:12930899	13631
GeneID:12930900	1709
GeneID:12930901	1155
GeneID:12930902	117
GeneID:12930903	52
GeneID:12930904	5
GeneID:12930905	87
GeneID:12930906	321
GeneID:12930907	91
GeneID:12930908	2
GeneID:12930909	0
GeneID:12930910	0
GeneID:12930911	793
GeneID:12930912	0
GeneID:12930913	3
GeneID:12930914	192
GeneID:12930915	27
GeneID:12930916	137
GeneID:12930917	212
GeneID:12930918	87
GeneID:12930919	111
GeneID:12930920	117
GeneID:12930921	377
GeneID:12930922	127
GeneID:12930923	86
GeneID:12930924	28
GeneID:12930925	17
GeneID:12930926	44
GeneID:12930927	546
GeneID:12930928	517
GeneID:12930929	11
GeneID:12930930	27
GeneID:12930931	121
GeneID:12930932	0
GeneID:12930933	1
GeneID:12930934	30
GeneID:12930935	1
GeneID:12930936	0
GeneID:12930937	326
GeneID:12930938	1
GeneID:12930939	178
GeneID:12930940	5
GeneID:12930941	112
GeneID:12930942	8622
GeneID:12930943	95
GeneID:12930944	54
GeneID:12930945	4
GeneID:12930946	1
GeneID:12930947	12293
GeneID:12930948	2145
GeneID:12930949	1105
GeneID:12930950	13472
GeneID:12930951	8399
GeneID:12930952	12967
GeneID:12930953	124
GeneID:12930954	280
GeneID:12930955	7
GeneID:12930956	821
GeneID:12930957	383
GeneID:12930958	1
GeneID:12930959	1
GeneID:12930960	22
GeneID:12930961	23
GeneID:12930962	5
GeneID:12930963	474
GeneID:12930964	166
GeneID:12930965	19
GeneID:12930966	145
GeneID:12930967	37
GeneID:12930968	10
GeneID:12930969	16
GeneID:12930970	145
GeneID:12930971	325
GeneID:12930972	396
GeneID:12930973	10
GeneID:12930974	10
GeneID:12930975	66
GeneID:12930976	1662
GeneID:12930977	1402
GeneID:12930978	164
GeneID:12930979	1830
GeneID:12930980	7397
GeneID:12930981	16
GeneID:12930982	0
GeneID:12930983	192
GeneID:12930984	13
GeneID:12930985	280
GeneID:12930986	1032
GeneID:12930987	860
GeneID:12930988	1137
GeneID:12930989	290
GeneID:12930990	185
GeneID:12930991	20
GeneID:12930992	102
GeneID:12930993	37
GeneID:12930994	109
GeneID:12930995	5
GeneID:12930996	23
GeneID:12930997	145
GeneID:12930998	126
GeneID:12930999	137
GeneID:12931000	70
GeneID:12931001	5
GeneID:12931002	6
GeneID:12931003	100
GeneID:12931004	150
GeneID:12931005	19
GeneID:12931006	22
GeneID:12931007	313
GeneID:12931008	262
GeneID:12931009	121
GeneID:12931010	366
GeneID:12931011	7
GeneID:12931012	1060
GeneID:12931013	242
GeneID:12931014	8
GeneID:12931015	252
GeneID:12931016	317
GeneID:12931017	312
GeneID:12931018	9
GeneID:12931019	521
GeneID:12931020	170
GeneID:12931021	214
GeneID:12931022	1124
GeneID:12931023	7
GeneID:12931024	15771
GeneID:12931025	18003
GeneID:12931026	213
GeneID:12931027	2560
GeneID:12931028	12
GeneID:12931029	8
GeneID:12931030	360
GeneID:12931031	264
GeneID:12931032	251
GeneID:12931033	46
GeneID:12931034	81
GeneID:12931035	27
GeneID:12931036	378
GeneID:12931037	116
GeneID:12931038	20590
GeneID:12931039	14
GeneID:12931040	16
GeneID:12931041	1
GeneID:12931042	1
GeneID:12931043	1999
GeneID:12931044	6
GeneID:12931045	23
GeneID:12931046	4
GeneID:12931047	47
GeneID:12931048	90
GeneID:12931049	0
GeneID:12931050	5
GeneID:12931051	6
GeneID:12931052	2
GeneID:12931053	2
GeneID:12931054	1
GeneID:12931055	0
GeneID:12931056	2
GeneID:12931057	794
GeneID:12931058	41
GeneID:12931059	117
GeneID:12931060	815
GeneID:12931061	3
GeneID:12931062	1
GeneID:12931063	17
GeneID:12931064	13
GeneID:12931065	1
GeneID:12931066	480
GeneID:12931067	317
GeneID:12931068	233
GeneID:12931069	52
GeneID:12931070	53
GeneID:12931071	28
GeneID:12931072	0
GeneID:12931073	37
GeneID:12931074	24
GeneID:12931075	1087
GeneID:12931076	108
GeneID:12931077	86
GeneID:12931078	1824
GeneID:12931079	64
GeneID:12931080	545
GeneID:12931081	16
GeneID:12931082	223
GeneID:12931083	147
GeneID:12931084	368
GeneID:12931085	90
GeneID:12931086	2577
GeneID:12931087	33
GeneID:12931088	167
GeneID:12931089	368
GeneID:12931090	190
GeneID:12931091	141
GeneID:12931092	577
GeneID:12931093	3
GeneID:12931094	149
GeneID:12931095	364
GeneID:12931096	6
GeneID:12931097	2
GeneID:12931098	55
GeneID:12931099	448
GeneID:12931100	404
GeneID:12931101	185
GeneID:12931102	49
GeneID:12931103	54
GeneID:12931104	535
GeneID:12931105	69
GeneID:12931106	16
GeneID:12931107	230
GeneID:12931108	280
GeneID:12931109	109
GeneID:12931110	10086
GeneID:12931111	5376
GeneID:12931112	613
GeneID:12931113	208
GeneID:12931114	20
GeneID:12931115	517
GeneID:12931116	0
GeneID:12931117	24
GeneID:12931118	419
GeneID:12931119	69
GeneID:12931120	2161
GeneID:12931121	230
GeneID:12931122	23
GeneID:12931123	771
GeneID:12931124	0
GeneID:12931125	0
GeneID:12931126	101
GeneID:12931127	751
GeneID:12931128	132
GeneID:12931129	19
GeneID:12931130	7
GeneID:12931131	73
GeneID:12931132	119
GeneID:12931133	35
GeneID:12931134	121
GeneID:12931135	236
GeneID:12931136	173
GeneID:12931137	32
GeneID:12931138	119
GeneID:12931139	106
GeneID:12931140	4050
GeneID:12931141	3344
GeneID:12931142	59
GeneID:12931143	23
GeneID:12931144	714
GeneID:12931145	116
GeneID:12931146	75
GeneID:12931147	80
GeneID:12931148	115
GeneID:12931149	0
GeneID:12931150	0
GeneID:12931151	0
GeneID:12931152	0
GeneID:12931153	60
GeneID:12931154	117
GeneID:12931155	91
GeneID:12931156	343
GeneID:12931157	2811
GeneID:12931158	314
GeneID:12931159	110
GeneID:12931160	34
GeneID:12931161	748
GeneID:12931162	0
GeneID:12931163	0
GeneID:12931164	0
GeneID:12931165	0
GeneID:12931166	0
GeneID:12931167	0
GeneID:12931168	0
GeneID:12931169	0
GeneID:12931170	0
GeneID:12931171	0
GeneID:12931172	0
GeneID:12931173	0
GeneID:12931174	0
GeneID:12931175	0
GeneID:12931176	27
GeneID:12931177	0
GeneID:12931178	2
GeneID:12931179	39128
GeneID:12931180	284
GeneID:12931181	63
GeneID:12931182	11
GeneID:12931183	20
GeneID:12931184	55
GeneID:12931185	34
GeneID:12931186	15
GeneID:12931187	6
GeneID:12931188	0
GeneID:12931189	1503
GeneID:12931190	24
GeneID:12931191	0
GeneID:12931192	184
GeneID:12931193	10
GeneID:12931194	113
GeneID:12931195	84
GeneID:12931196	68
GeneID:12931197	29
GeneID:12931198	582
GeneID:12931199	22
GeneID:12931200	59
GeneID:12931201	112
GeneID:12931202	5
GeneID:12931203	48
GeneID:12931204	3493
GeneID:12931205	27
GeneID:12931206	10
GeneID:12931207	0
GeneID:12931208	9
GeneID:12931209	0
GeneID:12931210	3
GeneID:12931211	45
GeneID:12931212	709
GeneID:12931213	0
GeneID:12931214	967
GeneID:12931215	599
GeneID:12931216	39
GeneID:12931217	36
GeneID:12931218	1
GeneID:12931219	64
GeneID:12931220	13
GeneID:12931221	3
GeneID:12931222	1
GeneID:12931223	2
GeneID:12931224	1
GeneID:12931225	163
GeneID:12931226	80
GeneID:12931227	14
GeneID:12931228	54
GeneID:12931229	90
GeneID:12931230	809
GeneID:12931231	582
GeneID:12931232	364
GeneID:12931233	185
GeneID:12931234	212
GeneID:12931235	1
GeneID:12931236	22
GeneID:12931237	0
GeneID:12931238	20
GeneID:12931239	40
GeneID:12931240	239
GeneID:12931241	59
GeneID:12931242	6
GeneID:12931243	0
GeneID:12931244	75
GeneID:12931245	0
GeneID:12931246	11
GeneID:12931247	6
GeneID:12931248	92
GeneID:12931249	186
GeneID:12931250	97
GeneID:12931251	3
GeneID:12931252	0
GeneID:12931253	0
GeneID:12931254	0
GeneID:12931255	5
GeneID:12931256	0
GeneID:12931257	834
GeneID:12931258	13
GeneID:12931259	69
GeneID:12931260	67
GeneID:12931261	502
GeneID:12931262	707
GeneID:12931263	44
GeneID:12931264	1279
GeneID:12931265	22
GeneID:12931266	203
GeneID:12931267	8
GeneID:12931268	26
GeneID:12931269	7
GeneID:12931270	226
GeneID:12931271	2837
GeneID:12931272	33
GeneID:12931273	64
GeneID:12931274	230
GeneID:12931275	454
GeneID:12931276	21
GeneID:12931277	280
GeneID:12931278	569
GeneID:12931279	5
GeneID:12931280	6
GeneID:12931281	694
GeneID:12931282	26651
GeneID:12931283	188
GeneID:12931284	73
GeneID:12931285	181
GeneID:12931286	384
GeneID:12931287	307
GeneID:12931288	417
GeneID:12931289	68
GeneID:12931290	1154
GeneID:12931291	8
GeneID:12931292	155
GeneID:12931293	487
GeneID:12931294	437
GeneID:12931295	126
GeneID:12931296	0
GeneID:12931297	5
GeneID:12931298	56
GeneID:12931299	4
GeneID:12931300	6
GeneID:12931301	0
GeneID:12931302	79
GeneID:12931303	21
GeneID:12931304	228
GeneID:12931305	35
GeneID:12931306	137
GeneID:12931307	96
GeneID:12931309	2554
GeneID:12931310	9
GeneID:12931311	55
GeneID:12931312	5
GeneID:12931313	1817
GeneID:12931314	7585
GeneID:12931315	194
GeneID:12931316	130
GeneID:12931317	1186
GeneID:12931318	574
GeneID:12931319	119
GeneID:12931320	0
GeneID:12931321	54
GeneID:12931322	71
GeneID:12931323	702
GeneID:12931324	0
GeneID:12931325	18
GeneID:12931326	11
GeneID:12931327	13
GeneID:12931328	567
GeneID:12931329	176
GeneID:12931330	62
GeneID:12931331	94
GeneID:12931332	19
GeneID:12931333	32
GeneID:12931334	56
GeneID:12931335	21
GeneID:12931336	248
GeneID:12931337	65
GeneID:12931338	3
GeneID:12931339	58
GeneID:12931340	202
GeneID:12931341	100
GeneID:12931342	17
GeneID:12931343	22
GeneID:12931344	165
GeneID:12931345	302
GeneID:12931346	141
GeneID:12931347	208
GeneID:12931348	402
GeneID:12931349	67
GeneID:12931350	59
GeneID:12931351	54
GeneID:12931352	29
GeneID:12931353	340
GeneID:12931354	224
GeneID:12931355	166
GeneID:12931356	6
GeneID:12931357	140
GeneID:12931358	386
GeneID:12931359	186
GeneID:12931360	6
GeneID:12931361	1615
GeneID:12931362	44
GeneID:12931363	18
GeneID:12931364	28
GeneID:12931365	61
GeneID:12931366	29
GeneID:12931367	48
GeneID:12931368	189
GeneID:12931369	226
GeneID:12931370	90
GeneID:12931371	27
GeneID:12931372	381
GeneID:12931373	13
GeneID:12931374	770
GeneID:12931375	0
GeneID:12931376	25
GeneID:12931377	1
GeneID:12931378	34
GeneID:12931379	122
GeneID:12931380	347
GeneID:12931381	12
GeneID:12931382	7
GeneID:12931383	85
GeneID:12931384	39
GeneID:12931385	415
GeneID:12931386	201
GeneID:12931387	25
GeneID:12931388	9
GeneID:12931389	84
GeneID:12931390	79
GeneID:12931391	44
GeneID:12931392	74
GeneID:12931393	4
GeneID:12931394	46
GeneID:12931395	5
GeneID:12931396	38
GeneID:12931397	45
GeneID:12931398	229
GeneID:12931399	15
GeneID:12931400	847
GeneID:12931401	15
GeneID:12931402	7
GeneID:12931403	168
GeneID:12931404	89
GeneID:12931405	1
GeneID:12931406	133
GeneID:12931407	641
GeneID:12931408	68
GeneID:12931409	260
GeneID:12931410	253
GeneID:12931411	324
GeneID:12931412	7
GeneID:12931413	8
GeneID:12931414	1
GeneID:12931415	54
GeneID:12931416	287
GeneID:12931417	0
GeneID:12931418	285
GeneID:12931419	40
GeneID:12931420	200
GeneID:12931421	250
GeneID:12931422	514
GeneID:12931423	136
GeneID:12931424	490
GeneID:12931425	174
GeneID:12931426	169
GeneID:12931427	161
GeneID:12931428	16
GeneID:12931429	23
GeneID:12931430	1
GeneID:12931431	11
GeneID:12931432	22
GeneID:12931433	39
GeneID:12931434	139
GeneID:12931435	555
GeneID:12931436	2773
GeneID:12931437	2629
GeneID:12931438	2310
GeneID:12931439	82
GeneID:12931440	0
GeneID:12931441	5
GeneID:12931442	1
GeneID:12931443	1
GeneID:12931444	346
GeneID:12931445	0
GeneID:12931446	1
GeneID:12931447	3
GeneID:12931448	0
GeneID:12931449	6
GeneID:12931450	141
GeneID:12931451	52
GeneID:12931452	23
GeneID:12931453	10
GeneID:12931454	29
GeneID:12931455	28
GeneID:12931456	90
GeneID:12931457	686
GeneID:12931458	1619
GeneID:12931459	94
GeneID:12931460	20
GeneID:12931461	5
GeneID:12931462	1
GeneID:12931463	48
GeneID:12931464	87
GeneID:12931465	5
GeneID:12931466	11
GeneID:12931467	127
GeneID:12931468	20
GeneID:12931469	192
GeneID:12931470	37
GeneID:12931471	18
GeneID:12931472	101
GeneID:12931473	83
GeneID:12931474	58
GeneID:12931475	114
GeneID:12931476	257
GeneID:12931477	72
GeneID:12931478	587
GeneID:12931479	1255
GeneID:12931480	149
GeneID:12931481	32
GeneID:12931482	219
GeneID:12931483	116
GeneID:12931484	465
GeneID:12931485	7
GeneID:12931486	80
GeneID:12931487	30
GeneID:12931488	75
GeneID:12931489	32
GeneID:12931490	4
GeneID:12931491	20
GeneID:12931492	70
GeneID:12931493	8
GeneID:12931494	61
GeneID:12931495	8
GeneID:12931496	1
GeneID:12931497	202
GeneID:12931498	656
GeneID:12931499	42
GeneID:12931500	46
GeneID:12931501	0
GeneID:12931502	16
GeneID:12931503	58
GeneID:12931504	10
GeneID:12931505	13
GeneID:12931506	4
GeneID:12931507	6
GeneID:12931508	31
GeneID:12931509	201
GeneID:12931510	351
GeneID:12931511	25
GeneID:12931512	151
GeneID:12931513	78
GeneID:12931514	291
GeneID:12931515	839
GeneID:12931516	1000
GeneID:12931517	1878
GeneID:12931518	7362
GeneID:12931519	3735
GeneID:12931520	279
GeneID:12931521	346
GeneID:12931522	41
GeneID:12931523	10
GeneID:12931524	199
GeneID:12931525	457
GeneID:12931526	338
GeneID:12931527	0
GeneID:12931528	99
GeneID:12931529	278
GeneID:12931530	1196
GeneID:12931531	2109
GeneID:12931532	92
GeneID:12931533	117
GeneID:12931534	301
GeneID:12931535	95
GeneID:12931536	8
GeneID:12931537	0
GeneID:12931538	598
GeneID:12931539	1388
GeneID:12931540	680
GeneID:12931541	190
GeneID:12931542	2680
GeneID:12931543	7
GeneID:12931544	678
GeneID:12931545	14
GeneID:12931546	0
GeneID:12931547	77
GeneID:12931548	308
GeneID:12931549	100
GeneID:12931550	0
GeneID:12931551	58
GeneID:12931552	16
GeneID:12931553	1
GeneID:12931554	5
GeneID:12931555	0
GeneID:12931556	0
GeneID:12931557	0
GeneID:12931558	12
GeneID:12931559	61
GeneID:12931560	72
GeneID:12931561	154
GeneID:12931562	3
GeneID:12931563	1
GeneID:12931564	259
GeneID:12931565	268
GeneID:12931566	52
GeneID:12931567	1
GeneID:12931568	5
GeneID:12931569	559
GeneID:12931570	4
GeneID:12931571	13
GeneID:12931572	14
GeneID:12931573	25
GeneID:12931574	155
GeneID:12931575	102
GeneID:12931576	3618
GeneID:12931577	44
GeneID:12931578	2524
GeneID:12931579	65
GeneID:12931580	60
GeneID:12931581	45
GeneID:12931582	103
GeneID:12931583	168
GeneID:12931584	226
GeneID:12931585	14
GeneID:12931586	213
GeneID:12931587	101
GeneID:12931588	10
GeneID:12931589	51
GeneID:12931590	91
GeneID:12931591	2
GeneID:12931592	132
GeneID:12931593	1450
GeneID:12931594	531
GeneID:12931595	1136
GeneID:12931596	679
GeneID:12931597	55
GeneID:12931598	3273
GeneID:12931599	35
GeneID:12931600	424
GeneID:12931601	0
GeneID:12931602	1714
GeneID:12931603	276
GeneID:12931604	91
GeneID:12931605	162
GeneID:12931606	51
GeneID:12931607	402
GeneID:12931608	906
GeneID:12931609	448
GeneID:12931610	26
GeneID:12931611	38
GeneID:12931612	1344
GeneID:12931613	120
GeneID:12931614	1687
GeneID:12931615	0
GeneID:12931616	24
GeneID:12931617	167
GeneID:12931618	41
GeneID:12931619	4702
GeneID:12931620	131
GeneID:12931621	1048
GeneID:12931622	872
GeneID:12931623	52
GeneID:12931624	2251
GeneID:12931625	113
GeneID:12931626	140
GeneID:12931627	6
GeneID:12931628	267
GeneID:12931629	189
GeneID:12931630	147
GeneID:12931631	16
GeneID:12931632	3
GeneID:12931633	0
GeneID:12931634	1
GeneID:12931635	6
GeneID:12931636	4
GeneID:12931637	24
GeneID:12931638	2
GeneID:12931639	1
GeneID:12931640	25
GeneID:12931641	259
GeneID:12931642	300
GeneID:12931643	125
GeneID:12931644	612
GeneID:12931645	23
GeneID:12931646	16
GeneID:12931647	17
GeneID:12931648	3430
GeneID:12931649	334
GeneID:12931650	18
GeneID:12931651	6
GeneID:12931652	12
GeneID:12931653	24
GeneID:12931654	538
GeneID:12931655	303
GeneID:12931656	5
GeneID:12931657	20
GeneID:12931658	1591
GeneID:12931659	41
GeneID:12931660	12
GeneID:12931661	130
GeneID:12931662	32
GeneID:12931663	354
GeneID:12931664	13
GeneID:12931665	175
GeneID:12931666	63
GeneID:12931667	288
GeneID:12931668	268
GeneID:12931669	0
GeneID:12931670	379
GeneID:12931671	3
GeneID:12931672	31
GeneID:12931673	227
GeneID:12931674	202
GeneID:12931675	3
GeneID:12931676	194
GeneID:12931677	57
GeneID:12931678	5726
GeneID:12931679	129
GeneID:12931680	2
GeneID:12931681	4
GeneID:12931682	4
GeneID:12931683	0
GeneID:12931684	4
GeneID:12931685	180
GeneID:12931686	344
GeneID:12931687	0
GeneID:12931688	2042
GeneID:12931689	581
GeneID:12931690	162
GeneID:12931691	713
GeneID:12931692	935
GeneID:12931693	4
GeneID:12931694	7
GeneID:12931695	72
GeneID:12931696	40
GeneID:12931697	4
GeneID:12931698	37
GeneID:12931699	98
GeneID:12931700	8
GeneID:12931701	7
GeneID:12931702	867
GeneID:12931703	1038
GeneID:12931704	450
GeneID:12931705	2
GeneID:12931706	1
GeneID:12931707	16
GeneID:12931708	11
GeneID:12931709	53
GeneID:12931710	18
GeneID:12931711	69
GeneID:12931712	957
GeneID:12931713	33
GeneID:12931714	133
GeneID:12931715	30
GeneID:12931716	146
GeneID:12931717	40
GeneID:12931718	1
GeneID:12931719	36
GeneID:12931720	64
GeneID:12931721	152
GeneID:12931722	6
GeneID:12931723	7
GeneID:12931724	779
GeneID:12931725	30
GeneID:12931726	1
GeneID:12931727	106
GeneID:12931728	297
GeneID:12931729	769
GeneID:12931730	1593
GeneID:12931731	607
GeneID:12931732	9
GeneID:12931733	26
GeneID:12931734	15
GeneID:12931735	15
GeneID:12931736	6
GeneID:12931737	10
GeneID:12931738	1642
GeneID:12931739	4139
GeneID:12931740	1904
GeneID:12931741	1718
GeneID:12931742	871
GeneID:12931743	1058
GeneID:12931744	86
GeneID:12931745	22
GeneID:12931746	45
GeneID:12931747	1415
GeneID:12931748	83
GeneID:12931749	2
GeneID:12931750	12
GeneID:12931751	2
GeneID:12931752	1251
GeneID:12931753	98
GeneID:12931754	14
GeneID:12931755	180
GeneID:12931756	1
GeneID:12931757	1
GeneID:12931758	658
GeneID:12931759	76
GeneID:12931760	391
GeneID:12931761	4479
GeneID:12931762	77
GeneID:12931763	266
GeneID:12931764	165
GeneID:12931765	88
GeneID:12931767	461
GeneID:12931768	370
GeneID:12931769	5
GeneID:12931770	1
GeneID:12931771	8
GeneID:12931772	2
GeneID:12931773	567
GeneID:12931774	736
GeneID:12931775	262
GeneID:12931776	0
GeneID:12931777	83
GeneID:12931778	18
GeneID:12931779	3
GeneID:12931780	285
GeneID:12931781	115
GeneID:12931782	1155
GeneID:12931783	5
GeneID:12931784	4
GeneID:12931785	13199
GeneID:12931786	0
GeneID:12931787	8
GeneID:12931788	0
GeneID:12931789	22
GeneID:12931790	126
GeneID:12931791	2
GeneID:12931792	24
GeneID:12931793	15
GeneID:12931794	83
GeneID:12931795	60
GeneID:12931796	2
GeneID:12931797	289
GeneID:12931798	74
GeneID:12931799	5315
GeneID:12931800	40
GeneID:12931801	2108
GeneID:12931802	67
GeneID:12931803	368
GeneID:12931804	1791
GeneID:12931805	569
GeneID:12931806	292
GeneID:12931807	102
GeneID:12931808	26
GeneID:12931809	1033
GeneID:12931810	109
GeneID:12931811	397
GeneID:12931812	5
GeneID:12931813	5
GeneID:12931814	173
GeneID:12931815	8
GeneID:12931816	0
GeneID:12931817	3022
GeneID:12931818	2947
GeneID:12931819	2397
GeneID:12931820	142
GeneID:12931821	649
GeneID:12931822	347
GeneID:12931823	2
GeneID:12931824	229
GeneID:12931825	11
GeneID:12931826	10
GeneID:12931827	1615
GeneID:12931828	392
GeneID:12931829	140
GeneID:12931830	30
GeneID:12931831	39
GeneID:12931832	1
GeneID:12931833	18
GeneID:12931834	855
GeneID:12931835	2555
GeneID:12931836	467
GeneID:12931837	68
GeneID:12931838	11
GeneID:12931839	801
GeneID:12931840	15
GeneID:12931841	5897
GeneID:12931842	161
GeneID:12931843	196
GeneID:12931844	7
GeneID:12931845	11
GeneID:12931846	20
GeneID:12931847	20
GeneID:12931848	76
GeneID:12931849	58
GeneID:12931850	1001
GeneID:12931851	48
GeneID:12931852	23
GeneID:12931853	305
GeneID:12931854	33
GeneID:12931855	13
GeneID:12931856	130
GeneID:12931857	10
GeneID:12931858	277
GeneID:12931859	22
GeneID:12931860	10
GeneID:12931861	11
GeneID:12931862	593
GeneID:12931863	191
GeneID:12931864	8
GeneID:12931865	66
GeneID:12931866	0
GeneID:12931867	2
GeneID:12931868	11
GeneID:12931869	19
GeneID:12931870	3
GeneID:12931871	272
GeneID:12931872	19
GeneID:12931873	3
GeneID:12931874	570
GeneID:12931875	256
GeneID:12931876	626
GeneID:12931877	1944
GeneID:12931878	116
GeneID:12931879	18
GeneID:12931880	50
GeneID:12931881	0
GeneID:12931882	40
GeneID:12931883	32
GeneID:12931884	8
GeneID:12931885	509
GeneID:12931886	330
GeneID:12931887	39
GeneID:12931888	314
GeneID:12931889	728
GeneID:12931890	19
GeneID:12931891	2628
GeneID:12931892	5
GeneID:12931893	3280
GeneID:12931894	3078
GeneID:12931895	5
GeneID:12931896	13
GeneID:12931897	171
GeneID:12931898	112
GeneID:12931899	3
GeneID:12931900	9
GeneID:12931901	85
GeneID:12931902	0
GeneID:12931903	32
GeneID:12931904	91
GeneID:12931905	26
GeneID:12931906	38
GeneID:12931907	6
GeneID:12931908	6
GeneID:12931909	110
GeneID:12931910	4
GeneID:12931911	421
GeneID:12931912	101
GeneID:12931913	0
GeneID:12931914	22
GeneID:12931915	29
GeneID:12931916	394
GeneID:12931917	6
GeneID:12931918	52
GeneID:12931919	35
GeneID:12931920	12
GeneID:12931921	7
GeneID:12931922	0
GeneID:12931923	19
GeneID:12931924	42
GeneID:12931925	41
GeneID:12931926	60
GeneID:12931927	145
GeneID:12931928	7
GeneID:12931929	19
GeneID:12931930	99
GeneID:12931931	2968
GeneID:12931932	35
GeneID:12931933	43
GeneID:12931934	77
GeneID:12931935	12
GeneID:12931936	30
GeneID:12931937	259
GeneID:12931938	461
GeneID:12931939	166
GeneID:12931940	35
GeneID:12931941	218
GeneID:12931942	101
GeneID:12931943	89
GeneID:12931944	671
GeneID:12931945	71
GeneID:12931946	252
GeneID:12931947	219
GeneID:12931948	170
GeneID:12931949	86
GeneID:12931950	271
GeneID:12931951	144
GeneID:12931952	148
GeneID:12931953	302
GeneID:12931954	382
GeneID:12931955	877
GeneID:12931956	2
GeneID:12931957	2653
GeneID:12931958	12
GeneID:12931959	0
GeneID:12931960	7973
GeneID:12931961	7
GeneID:12931962	52
GeneID:12931963	1
GeneID:12931964	366
GeneID:12931965	2
GeneID:12931966	5
GeneID:12931967	25
GeneID:12931968	36
GeneID:12931969	42
GeneID:12931970	970
GeneID:12931971	137
GeneID:12931972	14
GeneID:12931973	3
GeneID:12931974	0
GeneID:12931975	29
GeneID:12931976	35
GeneID:12931977	13
GeneID:12931978	37
GeneID:12931979	99
GeneID:12931980	12
GeneID:12931981	385
GeneID:12931982	9
GeneID:12931983	20
GeneID:12931984	114
GeneID:12931985	78
GeneID:12931986	88
GeneID:12931987	15
GeneID:12931988	116
GeneID:12931989	642
GeneID:12931990	299
GeneID:12931991	11296
GeneID:12931992	612
GeneID:12931993	218
GeneID:12931994	90
GeneID:12931995	116
GeneID:12931996	9
GeneID:12931997	543
GeneID:12931998	149
GeneID:12931999	299
GeneID:12932000	2689
GeneID:12932001	141
GeneID:12932002	432
GeneID:12932003	185
GeneID:12932004	40
GeneID:12932005	649
GeneID:12932006	34
GeneID:12932007	0
GeneID:12932008	149
GeneID:12932009	574
GeneID:12932010	81
GeneID:12932011	149
GeneID:12932012	7
GeneID:12932013	143
GeneID:12932014	0
GeneID:12932015	11
GeneID:12932016	1133
GeneID:12932017	127
GeneID:12932018	285
GeneID:12932019	261
GeneID:12932020	1228
GeneID:12932021	465
GeneID:12932022	46
GeneID:12932023	7
GeneID:12932024	2
GeneID:12932025	1375
GeneID:12932026	47
GeneID:12932027	60
GeneID:12932028	75
GeneID:12932029	1811
GeneID:12932030	0
GeneID:12932031	240
GeneID:12932032	270
GeneID:12932033	107
GeneID:12932034	1815
GeneID:12932035	1375
GeneID:12932036	624
GeneID:12932037	878
GeneID:12932038	63
GeneID:12932039	55
GeneID:12932040	52
GeneID:12932041	10
GeneID:12932042	769
GeneID:12932043	12
GeneID:12932044	15
GeneID:12932045	40
GeneID:12932046	3
GeneID:12932047	0
GeneID:12932048	35
GeneID:12932049	7
GeneID:12932050	6
GeneID:12932051	6
GeneID:12932052	4
GeneID:12932053	118
GeneID:12932054	38
GeneID:12932055	10
GeneID:12932056	2
GeneID:12932057	55
GeneID:12932058	97
GeneID:12932059	54
GeneID:12932060	82
GeneID:12932061	6
GeneID:12932062	1
GeneID:12932063	0
GeneID:12932064	637
GeneID:12932065	132
GeneID:12932066	630
GeneID:12932067	220
GeneID:12932068	0
GeneID:12932069	248
GeneID:12932070	0
GeneID:12932071	24
GeneID:12932072	473
GeneID:12932073	6
GeneID:12932074	2739
GeneID:12932075	115
GeneID:12932076	0
GeneID:12932077	4
GeneID:12932078	130
GeneID:12932079	4
GeneID:12932080	1906
GeneID:12932081	155
GeneID:12932082	217
GeneID:12932083	15
GeneID:12932084	230
GeneID:12932085	174
GeneID:12932086	481
GeneID:12932087	575
GeneID:12932088	602
GeneID:12932089	33
GeneID:12932090	20
GeneID:12932091	342
GeneID:12932092	8
GeneID:12932093	9
GeneID:12932094	12
GeneID:12932095	0
GeneID:12932096	17
GeneID:12932097	1136
GeneID:12932098	0
GeneID:12932099	3636
GeneID:12932100	169
GeneID:12932101	109
GeneID:12932102	223
GeneID:12932103	774
GeneID:12932104	16
GeneID:12932105	509
GeneID:12932106	0
GeneID:12932107	262
GeneID:12932108	124
GeneID:12932109	36
GeneID:12932110	20
GeneID:12932111	15
GeneID:12932112	152
GeneID:12932113	478
GeneID:12932114	1082
GeneID:12932115	25
GeneID:12932116	12
GeneID:12932117	579
GeneID:12932118	288
GeneID:12932119	316
GeneID:12932120	342
GeneID:12932121	301
GeneID:12932122	83
GeneID:12932123	1290
GeneID:12932124	554
GeneID:12932125	19
GeneID:12932126	11
GeneID:12932127	2413
GeneID:12932128	146
GeneID:12932129	59
GeneID:12932130	122
GeneID:12932131	86
GeneID:12932132	338
GeneID:12932133	166
GeneID:12932134	59
GeneID:12932135	4
GeneID:12932136	15
GeneID:12932137	12
GeneID:12932138	3
GeneID:12932139	104
GeneID:12932140	293
GeneID:12932141	128
GeneID:12932142	22
GeneID:12932143	90
GeneID:12932144	3
GeneID:12932145	0
GeneID:12932146	26
GeneID:12932147	75
GeneID:12932148	6
GeneID:12932149	2
GeneID:12932150	9
GeneID:12932151	5
GeneID:12932152	69
GeneID:12932153	129
GeneID:12932154	161
GeneID:12932155	8
GeneID:12932156	87
GeneID:12932157	470
GeneID:12932158	1748
GeneID:12932159	4
GeneID:12932160	850
GeneID:12932161	10
GeneID:12932162	79
GeneID:12932163	50
GeneID:12932164	4
GeneID:12932165	57
GeneID:12932166	20
GeneID:12932167	59
GeneID:12932168	30
GeneID:12932169	49
GeneID:12932170	9
GeneID:12932171	24
GeneID:12932172	1106
GeneID:12932173	20
GeneID:12932174	5
GeneID:12932175	424
GeneID:12932176	45
GeneID:12932177	64
GeneID:12932178	9
GeneID:12932179	532
GeneID:12932180	77
GeneID:12932181	103
GeneID:12932182	10986
GeneID:12932183	2720
GeneID:12932184	0
GeneID:12932185	485
GeneID:12932186	208
GeneID:12932187	3
GeneID:12932188	2
GeneID:12932189	6
GeneID:12932190	843
GeneID:12932191	10
GeneID:12932192	35
GeneID:12932193	156
GeneID:12932194	30
GeneID:12932195	3197
GeneID:12932196	140
GeneID:12932197	23
GeneID:12932198	76
GeneID:12932199	1345
GeneID:12932200	8
GeneID:12932201	3
GeneID:12932202	12
GeneID:12932203	31
GeneID:12932204	390
GeneID:12932205	0
GeneID:12932206	529
GeneID:12932207	404
GeneID:12932208	79
GeneID:12932209	3
GeneID:12932210	68
GeneID:12932211	137
GeneID:12932212	9
GeneID:12932213	1085
GeneID:12932214	286
GeneID:12932215	1647
GeneID:12932216	336
GeneID:12932217	13
GeneID:12932218	1033
GeneID:12932219	155
GeneID:12932220	30
GeneID:12932221	60
GeneID:12932222	421
GeneID:12932223	46
GeneID:12932224	65
GeneID:12932225	543
GeneID:12932226	1681
GeneID:12932227	24
GeneID:12932228	145
GeneID:12932229	11
GeneID:12932230	695
GeneID:12932231	46
GeneID:12932232	32
GeneID:12932233	40
GeneID:12932234	49
GeneID:12932235	34
GeneID:12932236	27
GeneID:12932237	229
GeneID:12932238	369
GeneID:12932239	1
GeneID:12932240	359
GeneID:12932241	0
GeneID:12932242	531
GeneID:12932243	107
GeneID:12932244	127
GeneID:12932245	24
GeneID:12932246	9
GeneID:12932247	11
GeneID:12932248	62
GeneID:12932249	21
GeneID:12932250	3
GeneID:12932251	27
GeneID:12932252	13
GeneID:12932253	250
GeneID:12932254	212
GeneID:12932255	6
GeneID:12932256	1152
GeneID:12932257	4248
GeneID:12932258	1308
GeneID:12932259	1834
GeneID:12932260	9
GeneID:12932261	211
GeneID:12932262	429
GeneID:12932263	176
GeneID:12932264	156
GeneID:12932265	255
GeneID:12932266	1
GeneID:12932267	7
GeneID:12932268	1
GeneID:12932269	2080
GeneID:12932270	59
GeneID:12932271	157
GeneID:12932272	375
GeneID:12932273	793
GeneID:12932274	6
GeneID:12932275	9
GeneID:12932276	104
GeneID:12932277	576
GeneID:12932278	171
GeneID:12932279	562
GeneID:12932280	1
GeneID:12932281	133
GeneID:12932282	276
GeneID:12932283	36
GeneID:12932284	37
GeneID:12932285	47
GeneID:12932286	20
GeneID:12932287	91
GeneID:12932288	329
GeneID:12932289	3735
GeneID:12932290	2
GeneID:12932291	9
GeneID:12932292	3098
GeneID:12932293	1826
GeneID:12932294	1106
GeneID:12932295	3822
GeneID:12932296	1420
GeneID:12932297	2711
GeneID:12932298	4466
GeneID:12932299	2275
GeneID:12932300	3
GeneID:12932301	6
GeneID:12932302	0
GeneID:12932303	10
GeneID:12932304	2
GeneID:12932305	33
GeneID:12932306	22
GeneID:12932307	576
GeneID:12932308	487
GeneID:12932309	5058
GeneID:12932310	160
GeneID:12932311	983
GeneID:12932312	324
GeneID:12932313	783
GeneID:12932314	33
GeneID:12932315	39
GeneID:12932316	44
GeneID:12932317	8
GeneID:12932318	49
GeneID:12932319	9
GeneID:12932320	7886
GeneID:12932321	13
GeneID:12932322	9
GeneID:12932323	15
GeneID:12932324	50
GeneID:12932325	2439
GeneID:12932326	5721
GeneID:12932327	109
GeneID:12932328	3
GeneID:12932329	11
GeneID:12932330	583
GeneID:12932331	25
GeneID:12932332	92
GeneID:12932333	95
GeneID:12932334	0
GeneID:12932335	4
GeneID:12932336	91
GeneID:12932337	40
GeneID:12932338	50
GeneID:12932339	12
GeneID:12932340	7
GeneID:12932341	107
GeneID:12932342	360
GeneID:12932343	915
GeneID:12932344	394
GeneID:12932345	229
GeneID:12932346	54
GeneID:12932347	111
GeneID:12932348	1
GeneID:12932349	5
GeneID:12932350	2
GeneID:12932351	2
GeneID:12932352	0
GeneID:12932353	280
GeneID:12932354	5
GeneID:12932355	785
GeneID:12932356	490
GeneID:12932357	220
GeneID:12932358	0
GeneID:12932359	298
GeneID:12932360	3699
GeneID:12932361	329
GeneID:12932362	79
GeneID:12932363	268
GeneID:12932364	172
GeneID:12932365	146
GeneID:12932366	600
GeneID:12932367	2120
GeneID:12932368	315
GeneID:12932369	208
GeneID:12932370	146
GeneID:12932371	87
GeneID:12932372	51
GeneID:12932373	32
GeneID:12932374	89
GeneID:12932375	1905
GeneID:12932376	9549
GeneID:12932377	2957
GeneID:12932378	14
GeneID:12932379	31
GeneID:12932380	19
GeneID:12932381	2595
GeneID:12932382	5
GeneID:12932383	55
GeneID:12932384	3
GeneID:12932385	218
GeneID:12932386	10
GeneID:12932387	24
GeneID:12932388	114
GeneID:12932389	760
GeneID:12932390	37
GeneID:12932391	46
GeneID:12932392	2174
GeneID:12932393	150
GeneID:12932394	165
GeneID:12932395	4
GeneID:12932396	739
GeneID:12932397	28
GeneID:12932398	92
GeneID:12932399	5
GeneID:12932400	6
GeneID:12932401	137
GeneID:12932402	353
GeneID:12932403	66
GeneID:12932404	43
GeneID:12932405	12
GeneID:12932406	22738
GeneID:12932407	193
GeneID:12932408	179
GeneID:12932409	1605
GeneID:12932410	1
GeneID:12932411	47
GeneID:12932412	31
GeneID:12932413	4
GeneID:12932414	7
GeneID:12932415	10
GeneID:12932416	1
GeneID:12932417	3
GeneID:12932418	546
GeneID:12932419	226
GeneID:12932420	113
GeneID:12932421	224
GeneID:12932422	186
GeneID:12932423	28
GeneID:12932424	5
GeneID:12932425	93
GeneID:12932426	9
GeneID:12932427	599
GeneID:12932428	18
GeneID:12932429	33
GeneID:12932430	32
GeneID:12932431	34
GeneID:12932432	3
GeneID:12932433	20
GeneID:12932434	2
GeneID:12932435	3
GeneID:12932436	2
GeneID:12932437	4
GeneID:12932438	6
GeneID:12932439	136
GeneID:12932440	415
GeneID:12932441	204
GeneID:12932442	144
GeneID:12932443	10
GeneID:12932444	162
GeneID:12932445	128
GeneID:12932446	68
GeneID:12932447	2
GeneID:12932448	159
GeneID:12932449	11
GeneID:12932450	7
GeneID:12932451	11
GeneID:12932452	7
GeneID:12932453	6
GeneID:12932454	4
GeneID:12932455	31
GeneID:12932456	19
GeneID:12932457	3045
GeneID:12932458	7
GeneID:12932459	16
GeneID:12932460	104
GeneID:12932461	1
GeneID:12932462	10
GeneID:12932463	1719
GeneID:12932464	3
GeneID:12932465	100
GeneID:12932466	32
GeneID:12932467	31
GeneID:12932468	3
GeneID:12932469	1
GeneID:12932470	161
GeneID:12932471	17
GeneID:12932472	1154
GeneID:12932473	11054
GeneID:12932474	2727
GeneID:12932475	30
GeneID:12932476	297
GeneID:12932477	1
GeneID:12932478	12
GeneID:12932479	506
GeneID:12932480	14
GeneID:12932481	0
GeneID:12932482	27
GeneID:12932483	406
GeneID:12932484	242
GeneID:12932485	229
GeneID:12932486	1102
GeneID:12932487	1
GeneID:12932488	118
GeneID:12932489	49
GeneID:12932490	20
GeneID:12932491	1858
GeneID:12932492	105
GeneID:12932493	1
GeneID:12932494	60
GeneID:12932495	14
GeneID:12932496	197
GeneID:12932497	47
GeneID:12932498	43
GeneID:12932499	2
GeneID:12932500	9
GeneID:12932501	0
GeneID:12932502	10
GeneID:12932503	328
GeneID:12932504	149
GeneID:12932505	15
GeneID:12932506	1933
GeneID:12932507	6
GeneID:12932508	437
GeneID:12932509	35
GeneID:12932510	492
GeneID:12932511	2
GeneID:12932512	6
GeneID:12932513	431
GeneID:12932514	0
GeneID:12932515	11
GeneID:12932516	28
GeneID:12932517	1520
GeneID:12932518	1
GeneID:12932519	279
GeneID:12932520	78
GeneID:12932521	511
GeneID:12932522	4
GeneID:12932523	297
GeneID:12932524	61
GeneID:12932525	0
GeneID:12932526	4
GeneID:12932527	1307
GeneID:12932528	168
GeneID:12932529	77
GeneID:12932530	0
GeneID:12932531	1843
GeneID:12932532	856
GeneID:12932533	25
GeneID:12932534	0
GeneID:12932535	0
GeneID:12932536	34
GeneID:12932537	671
GeneID:12932538	81
GeneID:12932539	0
GeneID:12932540	84
GeneID:12932541	0
GeneID:12932542	34
GeneID:12932543	6
GeneID:12932544	107
GeneID:12932545	587
GeneID:12932546	53
GeneID:12932547	175
GeneID:12932548	16
GeneID:12932549	3
GeneID:12932550	1
GeneID:12932551	29
GeneID:12932552	240
GeneID:12932553	1
GeneID:12932554	1
GeneID:12932555	515
GeneID:12932556	44
GeneID:12932557	2
GeneID:12932558	15
GeneID:12932559	517
GeneID:12932560	524
GeneID:12932561	76
GeneID:12932562	29
GeneID:12932563	0
GeneID:12932564	50
GeneID:12932565	31
GeneID:12932566	32
GeneID:12932567	13
GeneID:12932568	176
GeneID:12932569	38
GeneID:12932570	70
GeneID:12932571	46
GeneID:12932572	2
GeneID:12932573	30
GeneID:12932574	4
GeneID:12932575	7
GeneID:12932576	81
GeneID:12932577	9
GeneID:12932578	0
GeneID:12932579	0
GeneID:12932580	1427
GeneID:12932581	14
GeneID:12932582	19
GeneID:12932583	93
GeneID:12932584	2792
GeneID:12932585	128
GeneID:12932586	38
GeneID:12932587	19
GeneID:12932588	31
GeneID:12932589	479
GeneID:12932590	9
GeneID:12932591	122
GeneID:12932592	0
GeneID:12932593	256
GeneID:12932594	679
GeneID:12932595	42
GeneID:12932596	6
GeneID:12932597	34
GeneID:12932598	316
GeneID:12932599	132
GeneID:12932600	6
GeneID:12932601	1386
GeneID:12932602	12
GeneID:12932603	59
GeneID:12932604	38
GeneID:12932605	0
GeneID:12932606	1
GeneID:12932607	0
GeneID:12932608	0
GeneID:12932609	4
GeneID:12932610	3
GeneID:12932611	8
GeneID:12932612	69
GeneID:12932613	789
GeneID:12932614	2020
GeneID:12932615	28
GeneID:12932616	62
GeneID:12932617	0
GeneID:12932618	0
GeneID:12932619	992
GeneID:12932620	4507
GeneID:12932621	24
GeneID:12932622	60
GeneID:12932623	38
GeneID:12932624	3728
GeneID:12932625	0
GeneID:12932626	53
GeneID:12932627	55
GeneID:12932628	6
GeneID:12932629	106
GeneID:12932630	16
GeneID:12932631	5
GeneID:12932632	255
GeneID:12932633	0
GeneID:12932634	87
GeneID:12932635	1437
GeneID:12932636	20
GeneID:12932637	233
GeneID:12932638	380
GeneID:12932639	8
GeneID:12932640	47
GeneID:12932641	15
GeneID:12932642	57
GeneID:12932643	302
GeneID:12932644	104
GeneID:12932645	332
GeneID:12932646	241
GeneID:12932647	462
GeneID:12932648	352
GeneID:12932649	122
GeneID:12932650	102
GeneID:12932651	739
GeneID:12932652	56
GeneID:12932653	320
GeneID:12932654	161
GeneID:12932655	71
GeneID:12932656	122
GeneID:12932657	289
GeneID:12932658	461
GeneID:12932659	0
GeneID:12932660	306
GeneID:12932661	48
GeneID:12932662	307
GeneID:12932663	404
GeneID:12932664	88
GeneID:12932665	94
GeneID:12932666	0
GeneID:12932667	22
GeneID:12932668	0
GeneID:12932669	65
GeneID:12932670	33
GeneID:12932671	119
GeneID:12932672	228
GeneID:12932673	25
GeneID:12932674	7
GeneID:12932675	5
GeneID:12932676	38
GeneID:12932677	21
GeneID:12932678	5
GeneID:12932679	79
GeneID:12932680	232
GeneID:12932681	275
GeneID:12932682	188
GeneID:12932683	54
GeneID:12932684	51
GeneID:12932685	364
GeneID:12932686	259
GeneID:12932687	21
GeneID:12932688	186
GeneID:12932689	34
GeneID:12932690	17
GeneID:12932691	138
GeneID:12932692	2
GeneID:12932693	1605
GeneID:12932694	131
GeneID:12932695	572
GeneID:12932696	1102
GeneID:12932697	39
GeneID:12932698	8
GeneID:12932699	159
GeneID:12932700	9
GeneID:12932701	117
GeneID:12932702	30
GeneID:12932703	6
GeneID:12932704	142
GeneID:12932705	203
GeneID:12932706	9
GeneID:12932707	430
GeneID:12932708	424
GeneID:12932709	106
GeneID:12932710	1
GeneID:12932711	446
GeneID:12932712	52
GeneID:12932713	106
GeneID:12932714	625
GeneID:12932715	545
GeneID:12932716	793
GeneID:12932717	236
GeneID:12932718	96
GeneID:12932719	75
GeneID:12932720	265
GeneID:12932721	824
GeneID:12932722	244
GeneID:12932723	34
GeneID:12932724	289
GeneID:12932725	103
GeneID:12932726	972
GeneID:12932727	55
GeneID:12932728	73
GeneID:12932729	99
GeneID:12932730	65
GeneID:12932731	535
GeneID:12932732	2
GeneID:12932733	429
GeneID:12932734	153
GeneID:12932735	63
GeneID:12932736	19
GeneID:12932737	204
GeneID:12932738	164
GeneID:12932739	26
GeneID:12932740	335
GeneID:12932741	1
GeneID:12932742	776
GeneID:12932743	83
GeneID:12932744	9
GeneID:12932745	770
GeneID:12932746	713
GeneID:12932747	353
GeneID:12932748	301
GeneID:12932749	1
GeneID:12932750	40
GeneID:12932751	81
GeneID:12932752	581
GeneID:12932753	341
GeneID:12932754	45
GeneID:12932755	187
GeneID:12932756	14
GeneID:12932757	18
GeneID:12932758	21
GeneID:12932759	0
GeneID:12932760	238
GeneID:12932761	29
GeneID:12932762	1
GeneID:12932763	3
GeneID:12932764	39
GeneID:12932765	0
GeneID:12932766	366
GeneID:12932767	197
GeneID:12932768	91
GeneID:12932769	164
GeneID:12932770	123
GeneID:12932771	15
GeneID:12932772	180
GeneID:12932773	0
GeneID:12932774	1
GeneID:12932775	25
GeneID:12932776	6
GeneID:12932777	0
GeneID:12932778	12
GeneID:12932779	1
GeneID:12932780	7
GeneID:12932781	4
GeneID:12932782	1
GeneID:12932783	159
GeneID:12932784	69
GeneID:12932785	190
GeneID:12932786	150
GeneID:12932787	213
GeneID:12932788	87
GeneID:12932789	2
GeneID:12932790	25
GeneID:12932791	1055
GeneID:12932792	102
GeneID:12932793	762
GeneID:12932794	73
GeneID:12932795	7
GeneID:12932796	46
GeneID:12932797	5
GeneID:12932798	294
GeneID:12932799	19
GeneID:12932800	18
GeneID:12932801	307
GeneID:12932802	9
GeneID:12932803	1354
GeneID:12932804	37
GeneID:12932805	243
GeneID:12932806	94
GeneID:12932807	2
GeneID:12932808	7
GeneID:12932809	490
GeneID:12932810	127
GeneID:12932811	16
GeneID:12932812	0
GeneID:12932813	28
GeneID:12932814	27
GeneID:12932815	113
GeneID:12932816	8
GeneID:12932817	236
GeneID:12932818	303
GeneID:12932819	81
GeneID:12932820	4
GeneID:12932821	183
GeneID:12932822	7
GeneID:12932823	0
GeneID:12932824	15219
GeneID:12932825	8
GeneID:12932826	58
GeneID:12932827	348
GeneID:12932828	4
GeneID:12932829	33
GeneID:12932830	84
GeneID:12932831	137
GeneID:12932832	54
GeneID:12932833	189
GeneID:12932834	1613
GeneID:12932835	74
GeneID:12932836	64
GeneID:12932837	116
GeneID:12932838	16
GeneID:12932839	713
GeneID:12932840	36
GeneID:12932841	48
GeneID:12932842	156
GeneID:12932843	195
GeneID:12932844	1270
GeneID:12932845	795
GeneID:12932846	67
GeneID:12932847	11
GeneID:12932848	8
GeneID:12932849	8
GeneID:12932850	36
GeneID:12932851	80
GeneID:12932852	0
GeneID:12932853	72
GeneID:12932854	447
GeneID:12932855	88
GeneID:12932856	102
GeneID:12932857	47
GeneID:12932858	0
GeneID:12932859	530
GeneID:12932860	0
GeneID:12932861	78
GeneID:12932862	30
GeneID:12932863	401
GeneID:12932864	3939
GeneID:12932865	233
GeneID:12932866	172
GeneID:12932867	70
GeneID:12932868	2
GeneID:12932869	336
GeneID:12932870	157
GeneID:12932871	523
GeneID:12932872	93
GeneID:12932873	5
GeneID:12932874	77
GeneID:12932875	226
GeneID:12932876	99
GeneID:12932877	0
GeneID:12932878	98
GeneID:12932879	15
GeneID:12932880	7
GeneID:12932881	395
GeneID:12932882	227
GeneID:12932883	132
GeneID:12932884	1505
GeneID:12932885	13
GeneID:12932886	2526
GeneID:12932887	329
GeneID:12932888	211
GeneID:12932889	277
GeneID:12932890	61
GeneID:12932891	144
GeneID:12932892	591
GeneID:12932893	2929
GeneID:12932894	19
GeneID:12932895	43
GeneID:12932896	74
GeneID:12932897	122
GeneID:12932898	1697
GeneID:12932899	118
GeneID:12932900	4427
GeneID:12932901	86
GeneID:12932902	8
GeneID:12932903	168
GeneID:12932904	194
GeneID:12932905	20
GeneID:12932906	169
GeneID:12932907	39
GeneID:12932908	39519
GeneID:12932909	1
GeneID:12932910	336
GeneID:12932911	69
GeneID:12932912	111
GeneID:12932913	346
GeneID:12932914	23
GeneID:12932915	544
GeneID:12932916	1591
GeneID:12932917	154
GeneID:12932918	397
GeneID:12932919	166
GeneID:12932920	1846
GeneID:12932921	111
GeneID:12932922	814
GeneID:12932923	39226
GeneID:12932924	9
GeneID:12932925	181
GeneID:12932926	0
GeneID:12932927	580
GeneID:12932928	30
GeneID:12932929	53
GeneID:12932930	209
GeneID:12932931	100
GeneID:12932932	98
GeneID:12932933	119
GeneID:12932934	37
GeneID:12932935	0
GeneID:12932936	57
GeneID:12932937	303
GeneID:12932938	32
GeneID:12932939	1046
GeneID:12932940	428
GeneID:12932941	718
GeneID:12932942	15
GeneID:12932943	142
GeneID:12932944	14
GeneID:12932945	4901
GeneID:12932946	1422
GeneID:12932947	291
GeneID:12932948	410
GeneID:12932949	329
GeneID:12932950	44
GeneID:12932951	23
GeneID:12932952	0
GeneID:12932953	0
GeneID:12932954	0
GeneID:12932955	0
GeneID:12932956	3623
GeneID:12932957	17
GeneID:12932958	0
GeneID:12932959	1
GeneID:12932960	54
GeneID:12932961	21
GeneID:12932962	114
GeneID:12932963	255
GeneID:12932964	103
GeneID:12932965	1126
GeneID:12932966	24
GeneID:12932967	166
GeneID:12932968	171
GeneID:12932969	269
GeneID:12932970	2785
GeneID:12932971	12
GeneID:12932972	345
GeneID:12932973	389
GeneID:12932974	1869
GeneID:12932975	0
GeneID:12932976	940
GeneID:12932977	1142
GeneID:12932978	156
GeneID:12932979	2
GeneID:12932980	34
GeneID:12932981	50
GeneID:12932982	7
GeneID:12932983	79
GeneID:12932984	228
GeneID:12932985	14
GeneID:12932986	174
GeneID:12932987	162
GeneID:12932988	56
GeneID:12932989	146
GeneID:12932990	632
GeneID:12932991	4
GeneID:12932992	93
GeneID:12932993	33
GeneID:12932994	19
GeneID:12932995	602
GeneID:12932996	61
GeneID:12932997	336
GeneID:12932998	441
GeneID:12932999	1
GeneID:12933000	9
GeneID:12933001	10
GeneID:12933002	1
GeneID:12933003	1
GeneID:12933004	0
GeneID:12933005	0
GeneID:12933006	35
GeneID:12933007	121
GeneID:12933008	4
GeneID:12933009	679
GeneID:12933010	0
GeneID:12933011	91
GeneID:12933012	39
GeneID:12933013	40
GeneID:12933014	222
GeneID:12933015	32
GeneID:12933016	21
GeneID:12933017	37
GeneID:12933018	12
GeneID:12933019	10
GeneID:12933020	1019
GeneID:12933021	439
GeneID:12933022	121
GeneID:12933023	1
GeneID:12933024	40
GeneID:12933025	0
GeneID:12933026	0
GeneID:12933027	0
GeneID:12933028	0
GeneID:12933029	5
GeneID:12933030	202
GeneID:12933031	14
GeneID:12933032	111
GeneID:12933033	6
GeneID:12933034	158
GeneID:12933035	507
GeneID:12933036	133
GeneID:12933037	201
GeneID:12933038	43
GeneID:12933039	5
GeneID:12933040	63
GeneID:12933041	15
GeneID:12933042	10
GeneID:12933043	6
GeneID:12933044	11
GeneID:12933045	243
GeneID:12933046	40
GeneID:12933047	1
GeneID:12933048	8
GeneID:12933049	14
GeneID:12933050	2
GeneID:12933051	4
GeneID:12933052	396
GeneID:12933053	134
GeneID:12933054	71
GeneID:12933055	75
GeneID:12933056	98
GeneID:12933057	10
GeneID:12933058	0
GeneID:12933059	108
GeneID:12933060	680
GeneID:12933061	25
GeneID:12933062	61
GeneID:12933063	22
GeneID:12933064	317
GeneID:12933065	5
GeneID:12933066	18
GeneID:12933067	57
GeneID:12933068	38
GeneID:12933069	5
GeneID:12933070	412
GeneID:12933071	25
GeneID:12933072	184
GeneID:12933073	591
GeneID:12933074	6
GeneID:12933075	5300
GeneID:12933076	207
GeneID:12933077	320
GeneID:12933078	39
GeneID:12933079	324
GeneID:12933080	26
GeneID:12933081	35
GeneID:12933082	1
GeneID:12933083	168
GeneID:12933084	34
GeneID:12933085	112
GeneID:12933086	191
GeneID:12933087	67
GeneID:12933088	9
GeneID:12933089	26
GeneID:12933090	10328
GeneID:12933091	22
GeneID:12933092	776
GeneID:12933093	197
GeneID:12933094	1757
GeneID:12933095	5
GeneID:12933096	77
GeneID:12933097	9
GeneID:12933098	340
GeneID:12933099	35
GeneID:12933100	506
GeneID:12933101	71
GeneID:12933102	112
GeneID:12933103	1
GeneID:12933104	283
GeneID:12933105	603
GeneID:12933106	4
GeneID:12933107	104
GeneID:12933108	0
GeneID:12933109	1
GeneID:12933110	0
GeneID:12933111	112
GeneID:12933112	74
GeneID:12933113	66
GeneID:12933114	3
GeneID:12933115	4969
GeneID:12933116	784
GeneID:12933117	4295
GeneID:12933118	0
GeneID:12933119	418
GeneID:12933120	9
GeneID:12933121	17
GeneID:12933122	59
GeneID:12933123	29
GeneID:12933124	4
GeneID:12933125	107
GeneID:12933126	2032
GeneID:12933127	241
GeneID:12933128	325
GeneID:12933129	78
GeneID:12933130	11
GeneID:12933131	70
GeneID:12933132	32
GeneID:12933133	34
GeneID:12933134	25
GeneID:12933135	337
GeneID:12933136	1700
GeneID:12933137	4
GeneID:12933138	2345
GeneID:12933139	68
GeneID:12933140	1
GeneID:12933141	117
GeneID:12933142	3463
GeneID:12933143	0
GeneID:12933144	11
GeneID:12933145	46
GeneID:12933146	40
GeneID:12933147	145
GeneID:12933148	27
GeneID:12933149	1617
GeneID:12933150	0
GeneID:12933151	7
GeneID:12933152	488
GeneID:12933153	10
GeneID:12933154	15
GeneID:12933155	219
GeneID:12933156	7
GeneID:12933157	16
GeneID:12933158	12
GeneID:12933159	5
GeneID:12933160	392
GeneID:12933161	99
GeneID:12933162	68
GeneID:12933163	66
GeneID:12933164	386
GeneID:12933165	3314
GeneID:12933166	142
GeneID:12933167	100
GeneID:12933168	120
GeneID:12933169	4
GeneID:12933170	8
GeneID:12933171	0
GeneID:12933172	5
GeneID:12933173	0
GeneID:12933174	2
GeneID:12933175	496
GeneID:12933176	170
GeneID:12933177	551
GeneID:12933178	67
GeneID:12933179	30
GeneID:12933180	90
GeneID:12933181	5
GeneID:12933182	406
GeneID:12933183	108
GeneID:12933184	349
GeneID:12933185	2
GeneID:12933186	243
GeneID:12933187	14458
GeneID:12933188	1446
GeneID:12933189	410
GeneID:12933190	1008
GeneID:12933191	0
GeneID:12933192	34
GeneID:12933193	127
GeneID:12933194	0
GeneID:12933195	120
GeneID:12933196	28
GeneID:12933197	2
GeneID:12933198	4945
GeneID:12933199	5076
GeneID:12933200	533
GeneID:12933201	89
GeneID:12933202	42
GeneID:12933203	32
GeneID:12933204	1795
GeneID:12933205	144
GeneID:12933206	73
GeneID:12933207	14
GeneID:12933208	6
GeneID:12933209	0
GeneID:12933210	9
GeneID:12933211	152
GeneID:12933212	2
GeneID:12933213	10
GeneID:12933214	6
GeneID:12933215	38
GeneID:12933216	1
GeneID:12933217	0
GeneID:12933218	3
GeneID:12933219	4
GeneID:12933220	780
GeneID:12933221	41
GeneID:12933222	498
GeneID:12933223	37
GeneID:12933224	833
GeneID:12933225	13
GeneID:12933226	2
GeneID:12933227	351
GeneID:12933228	59
GeneID:12933229	33
GeneID:12933230	28
GeneID:12933231	346
GeneID:12933232	80
GeneID:12933233	5117
GeneID:12933234	632
GeneID:12933235	479
GeneID:12933236	11
GeneID:12933237	32
GeneID:12933238	14
GeneID:12933239	15
GeneID:12933240	730
GeneID:12933241	961
GeneID:12933242	1086
GeneID:12933243	223
GeneID:12933244	2
GeneID:12933245	244
GeneID:12933246	45
GeneID:12933247	113
GeneID:12933248	406
GeneID:12933249	39
GeneID:12933250	113
GeneID:12933251	4
GeneID:12933252	0
GeneID:12933253	81
GeneID:12933254	399
GeneID:12933255	24
GeneID:12933256	0
GeneID:12933257	0
GeneID:12933258	0
GeneID:12933259	0
GeneID:12933260	0
GeneID:12933261	0
GeneID:12933262	0
GeneID:12933263	0
GeneID:12933264	2
GeneID:12933265	4
GeneID:12933266	96
GeneID:12933267	105
GeneID:12933268	18
GeneID:12933269	3
GeneID:12933270	1274
GeneID:12933271	176
GeneID:12933272	383
GeneID:12933273	32
GeneID:12933274	94
GeneID:12933275	181
GeneID:12933276	2829
GeneID:12933277	942
GeneID:12933278	120
GeneID:12933279	172
GeneID:12933280	7657
GeneID:12933281	26
GeneID:12933282	6160
GeneID:12933283	300
GeneID:12933284	455
GeneID:12933285	150
GeneID:12933286	97
GeneID:12933287	131
GeneID:12933288	156
GeneID:12933289	4944
GeneID:12933290	0
GeneID:12933291	161
GeneID:12933292	241
GeneID:12933293	68
GeneID:12933294	71
GeneID:12933295	28
GeneID:12933296	3
GeneID:12933297	7
GeneID:12933298	10
GeneID:12933299	0
GeneID:12933300	9
GeneID:12933301	79
GeneID:12933302	0
GeneID:12933303	5601
GeneID:12933304	1452
GeneID:12933305	170
GeneID:12933306	64
GeneID:12933307	79
GeneID:12933308	238
GeneID:12933309	27
GeneID:12933310	19
GeneID:12933311	146
GeneID:12933312	37
GeneID:12933313	294
GeneID:12933314	253
GeneID:12933315	33
GeneID:12933316	176
GeneID:12933317	0
GeneID:12933318	50
GeneID:12933319	1
GeneID:12933320	34
GeneID:12933321	30
GeneID:12933322	6
GeneID:12933323	1
GeneID:12933324	235
GeneID:12933325	37
GeneID:12933326	9
GeneID:12933327	11
GeneID:12933328	56
GeneID:12933329	66
GeneID:12933330	32
GeneID:12933331	75
GeneID:12933332	16
GeneID:12933333	27
GeneID:12933334	92
GeneID:12933335	7
GeneID:12933336	4
GeneID:12933337	7256
GeneID:12933338	49
GeneID:12933339	82
GeneID:12933340	13
GeneID:12933341	14
GeneID:12933342	7
GeneID:12933343	1681
GeneID:12933344	324
GeneID:12933345	151
GeneID:12933346	186
GeneID:12933347	191
GeneID:12933348	277
GeneID:12933349	3288
GeneID:12933350	318
GeneID:12933351	555
GeneID:12933352	1729
GeneID:12933353	73
GeneID:12933354	14
GeneID:12933355	0
GeneID:12933356	8
GeneID:12933357	0
GeneID:12933358	170
GeneID:12933359	0
GeneID:12933360	312
GeneID:12933361	1
GeneID:12933362	2
GeneID:12933363	706
GeneID:12933364	262
GeneID:12933365	85
GeneID:12933366	159
GeneID:12933367	109
GeneID:12933368	170
GeneID:12933369	9
GeneID:12933370	1
GeneID:12933371	793
GeneID:12933372	178
GeneID:12933373	162
GeneID:12933374	221
GeneID:12933375	993
GeneID:12933376	367
GeneID:12933377	0
GeneID:12933378	13
GeneID:12933379	33
GeneID:12933380	24
GeneID:12933381	127
GeneID:12933382	11
GeneID:12933383	0
GeneID:12933384	90
GeneID:12933385	59
GeneID:12933386	306
GeneID:12933387	401
GeneID:12933388	34
GeneID:12933389	9
GeneID:12933390	4
GeneID:12933391	602
GeneID:12933392	1
GeneID:12933393	272
GeneID:12933394	74
GeneID:12933395	988
GeneID:12933396	0
GeneID:12933397	26
GeneID:12933398	654
GeneID:12933399	307
GeneID:12933400	105
GeneID:12933401	513
GeneID:12933402	84
GeneID:12933403	51
GeneID:12933404	183
GeneID:12933405	118
GeneID:12933406	2
GeneID:12933407	32
GeneID:12933408	9
GeneID:12933409	141
GeneID:12933410	32
GeneID:12933411	39
GeneID:12933412	10
GeneID:12933413	288
GeneID:12933414	556
GeneID:12933415	42
GeneID:12933416	216
GeneID:12933417	170
GeneID:12933418	409
GeneID:12933419	101
GeneID:12933420	251
GeneID:12933421	34
GeneID:12933422	353
GeneID:12933423	39
GeneID:12933424	123
GeneID:12933425	37
GeneID:12933426	17
GeneID:12933427	0
GeneID:12933428	2
GeneID:12933429	593
GeneID:12933430	185
GeneID:12933431	2
GeneID:12933432	10
GeneID:12933433	73
GeneID:12933434	455
GeneID:12933435	382
GeneID:12933436	1554
GeneID:12933437	4788
GeneID:12933438	0
GeneID:12933439	975
GeneID:12933440	223
GeneID:12933441	134
GeneID:12933442	2896
GeneID:12933443	126
GeneID:12933444	829
GeneID:12933445	97
GeneID:12933446	2
GeneID:12933447	4
GeneID:12933448	78
GeneID:12933449	272
GeneID:12933450	726
GeneID:12933451	1324
GeneID:12933452	1799
GeneID:12933453	1
GeneID:12933454	99
GeneID:12933455	62
GeneID:12933456	7
GeneID:12933457	102
GeneID:12933458	30
GeneID:12933459	5
GeneID:12933460	126
GeneID:12933461	664
GeneID:12933462	1693
GeneID:12933463	21
GeneID:12933464	0
GeneID:12933465	38
GeneID:12933466	197
GeneID:12933467	113
GeneID:12933468	107
GeneID:12933469	44
GeneID:12933470	2
GeneID:12933471	3
GeneID:12933472	338
GeneID:12933473	94
GeneID:12933474	28
GeneID:12933475	69
GeneID:12933476	239
GeneID:12933477	5062
GeneID:12933478	66
GeneID:12933479	71
GeneID:12933480	21
GeneID:12933481	32
GeneID:12933482	0
GeneID:12933483	7
GeneID:12933484	183
GeneID:12933485	0
GeneID:12933486	11
GeneID:12933487	9
GeneID:12933488	2
GeneID:12933489	123
GeneID:12933490	0
GeneID:12933491	545
GeneID:12933492	229
GeneID:12933493	68
GeneID:12933494	351
GeneID:12933495	23
GeneID:12933496	15
GeneID:12933497	7
GeneID:12933498	1
GeneID:12933499	176
GeneID:12933500	6
GeneID:12933501	20
GeneID:12933502	86
GeneID:12933503	1210
GeneID:12933504	264
GeneID:12933505	587
GeneID:12933506	47
GeneID:12933507	1713
GeneID:12933508	2146
GeneID:12933509	3039
GeneID:12933510	1918
GeneID:12933511	114
GeneID:12933512	732
GeneID:12933513	1
GeneID:12933514	2
GeneID:12933515	25
GeneID:12933516	41
GeneID:12933517	2
GeneID:12933518	4
GeneID:12933519	598
GeneID:12933520	1252
GeneID:12933521	15
GeneID:12933522	1
GeneID:12933523	4158
GeneID:12933524	228
GeneID:12933525	12
GeneID:12933526	2
GeneID:12933527	32
GeneID:12933528	54
GeneID:12933529	0
GeneID:12933530	88
GeneID:12933531	21
GeneID:12933532	17
GeneID:12933533	14
GeneID:12933534	139
GeneID:12933535	25
GeneID:12933536	2
GeneID:12933537	11
GeneID:12933538	48
GeneID:12933539	106
GeneID:12933540	1548
GeneID:12933541	1293
GeneID:12933542	12
GeneID:12933543	430
GeneID:12933544	371
GeneID:12933545	53
GeneID:12933546	139
GeneID:12933547	624
GeneID:12933548	200
GeneID:12933549	158
GeneID:12933550	192
GeneID:12933551	2091
GeneID:12933552	26
GeneID:12933553	7
GeneID:12933554	0
GeneID:12933555	3
GeneID:12933556	17
GeneID:12933557	61
GeneID:12933558	22
GeneID:12933559	31
GeneID:12933560	0
GeneID:12933561	1014
GeneID:12933562	0
GeneID:12933563	3
GeneID:12933564	7
GeneID:12933565	27
GeneID:12933566	93
GeneID:12933567	437
GeneID:12933568	34
GeneID:12933569	23
GeneID:12933570	50
GeneID:12933571	1621
GeneID:12933572	0
GeneID:12933573	60
GeneID:12933574	280
GeneID:12933575	116
GeneID:12933576	9
GeneID:12933577	444
GeneID:12933578	44
GeneID:12933579	63
GeneID:12933580	107
GeneID:12933581	314
GeneID:12933582	134
GeneID:12933583	148
GeneID:12933584	28
GeneID:12933585	21
GeneID:12933586	125
GeneID:12933587	12
GeneID:12933588	16
GeneID:12933589	85
GeneID:12933590	167
GeneID:12933591	100
GeneID:12933592	607
GeneID:12933593	32
GeneID:12933594	24
GeneID:12933595	0
GeneID:12933596	189
GeneID:12933597	34
GeneID:12933598	1197
GeneID:12933599	345
GeneID:12933600	61058
GeneID:12933601	376
GeneID:12933602	2525
GeneID:12933603	30
GeneID:12933604	19
GeneID:12933605	3887
GeneID:12933606	3263
GeneID:12933607	158
GeneID:12933608	68
GeneID:12933609	23
GeneID:12933610	209
GeneID:12933611	20
GeneID:12933612	206
GeneID:12933613	112
GeneID:12933614	634
GeneID:12933615	317
GeneID:12933616	818
GeneID:12933617	6
GeneID:12933618	187
GeneID:12933619	203
GeneID:12933620	13
GeneID:12933621	1
GeneID:12933622	260
GeneID:12933623	272
GeneID:12933624	34
GeneID:12933625	169
GeneID:12933626	113
GeneID:12933627	34
GeneID:12933628	20
GeneID:12933629	255
GeneID:12933630	30
GeneID:12933631	336
GeneID:12933632	1702
GeneID:12933633	449
GeneID:12933634	149
GeneID:12933635	107
GeneID:12933636	3047
GeneID:12933637	1474
GeneID:12933638	13
GeneID:12933639	38
GeneID:12933640	17
GeneID:12933641	0
GeneID:12933642	6
GeneID:12933643	0
GeneID:12933644	22
GeneID:12933645	12
GeneID:12933646	180
GeneID:12933647	1119
GeneID:12933648	0
GeneID:12933649	133
GeneID:12933650	486
GeneID:12933651	575
GeneID:12933652	1671
GeneID:12933653	2058
GeneID:12933654	778
GeneID:12933655	919
GeneID:12933656	251
GeneID:12933657	113
GeneID:12933658	1
GeneID:12933659	106
GeneID:12933660	111
GeneID:12933661	66
GeneID:12933662	30
GeneID:12933663	15
GeneID:12933664	286
GeneID:12933665	11
GeneID:12933666	26
GeneID:12933667	357
GeneID:12933668	882
GeneID:12933669	2074
GeneID:12933670	717
GeneID:12933671	1
GeneID:12933672	0
GeneID:12933673	386
GeneID:12933674	378
GeneID:12933675	291
GeneID:12933676	365
GeneID:12933677	977
GeneID:12933678	12
GeneID:12933679	138
GeneID:12933680	1277
GeneID:12933681	11156
GeneID:12933682	2
GeneID:12933683	5
GeneID:12933684	1
GeneID:12933685	216
GeneID:12933686	1
GeneID:12933687	10
GeneID:12933688	103
GeneID:12933689	26
GeneID:12933690	31
GeneID:12933691	325
GeneID:12933692	28
GeneID:12933693	939
GeneID:12933694	1813
GeneID:12933695	12
GeneID:12933696	304
GeneID:12933697	274
GeneID:12933698	4784
GeneID:12933699	100
GeneID:12933700	0
GeneID:12933701	62
GeneID:12933702	6902
GeneID:12933703	12
GeneID:12933704	69
GeneID:12933705	113
GeneID:12933706	104
GeneID:12933707	228
GeneID:12933708	23
GeneID:12933709	28
GeneID:12933710	134
GeneID:12933711	49
GeneID:12933712	1353
GeneID:12933713	0
GeneID:12933714	28
GeneID:12933715	581
GeneID:12933716	77
GeneID:12933717	70
GeneID:12933718	11
GeneID:12933719	26
GeneID:12933720	18
GeneID:12933721	27
GeneID:12933722	28
GeneID:12933723	0
GeneID:12933724	2672
GeneID:12933725	566
GeneID:12933726	3618
GeneID:12933727	27
GeneID:12933728	37
GeneID:12933729	20
GeneID:12933730	2387
GeneID:12933731	199
GeneID:12933732	1723
GeneID:12933733	264
GeneID:12933734	247
GeneID:12933735	20
GeneID:12933736	7
GeneID:12933737	0
GeneID:12933738	58
GeneID:12933739	26
GeneID:12933740	59
GeneID:12933741	1
GeneID:12933742	7
GeneID:12933743	26
GeneID:12933744	1
GeneID:12933745	100
GeneID:12933746	27
GeneID:12933747	53
GeneID:12933748	3
GeneID:12933749	35
GeneID:12933750	84
GeneID:12933751	73
GeneID:12933752	959
GeneID:12933753	52
GeneID:12933754	70
GeneID:12933755	10
GeneID:12933756	24
GeneID:12933757	16
GeneID:12933758	7
GeneID:12933759	18
GeneID:12933760	23
GeneID:12933761	99
GeneID:12933762	7
GeneID:12933763	19
GeneID:12933764	23
GeneID:12933765	1
GeneID:12933766	36
GeneID:12933767	0
GeneID:12933768	534
GeneID:12933769	88
GeneID:12933770	7
GeneID:12933771	79
GeneID:12933772	25
GeneID:12933773	33
GeneID:12933774	136
GeneID:12933775	1005
GeneID:12933776	208
GeneID:12933777	233
GeneID:12933778	17
GeneID:12933779	11
GeneID:12933780	80
GeneID:12933781	17
GeneID:12933782	1
GeneID:12933783	12
GeneID:12933784	165
GeneID:12933785	196
GeneID:12933786	341
GeneID:12933787	31
GeneID:12933788	7
GeneID:12933789	7
GeneID:12933790	1317
GeneID:12933791	52
GeneID:12933792	68
GeneID:12933793	190
GeneID:12933794	83
GeneID:12933795	281
GeneID:12933796	62
GeneID:12933797	570
GeneID:12933798	6
GeneID:12933799	391
GeneID:12933800	27
GeneID:12933801	31
GeneID:12933802	53
GeneID:12933803	5
GeneID:12933804	73
GeneID:12933805	18
GeneID:12933806	286
GeneID:12933807	494
GeneID:12933808	246
GeneID:12933809	78
GeneID:12933810	43
GeneID:12933811	1
GeneID:12933812	10
GeneID:12933813	6
GeneID:12933814	212
GeneID:12933815	10
GeneID:12933816	18
GeneID:12933817	90
GeneID:12933818	18
GeneID:12933819	78
GeneID:12933820	40
GeneID:12933821	16
GeneID:12933822	44
GeneID:12933823	88
GeneID:12933824	23
GeneID:12933825	218
GeneID:12933826	2
GeneID:12933827	4
GeneID:12933828	0
GeneID:12933829	0
GeneID:12933830	779
GeneID:12933831	519
GeneID:12933832	124
GeneID:12933833	166
GeneID:12933834	37
GeneID:12933835	58
GeneID:12933836	169
GeneID:12933837	82
GeneID:12933838	86
GeneID:12933839	2
GeneID:12933840	4664
GeneID:12933841	0
GeneID:12933842	36
GeneID:12933843	17
GeneID:12933844	0
GeneID:12933845	23
GeneID:12933846	18
GeneID:12933847	108
GeneID:12933848	161
GeneID:12933849	122
GeneID:12933850	249
GeneID:12933851	20
GeneID:12933852	621
GeneID:12933853	339
GeneID:12933854	76
GeneID:12933855	13
GeneID:12933856	2
GeneID:12933857	9
GeneID:12933858	0
GeneID:12933859	5
GeneID:12933860	1
GeneID:12933861	0
GeneID:12933862	2
GeneID:12933863	2
GeneID:12933864	0
GeneID:12933865	2
GeneID:12933866	1
GeneID:12933867	1
GeneID:12933868	4
GeneID:12933869	32
GeneID:12933870	52
GeneID:12933871	3
GeneID:12933872	0
GeneID:12933873	470
GeneID:12933874	1621
GeneID:12933875	97
GeneID:12933876	116
GeneID:12933877	62
GeneID:12933878	303
GeneID:12933879	99
GeneID:12933880	203
GeneID:12933881	0
GeneID:12933882	0
GeneID:12933883	0
GeneID:12933884	11
GeneID:12933885	0
GeneID:12933886	0
GeneID:12933887	41
GeneID:12933888	133
GeneID:12933889	27
GeneID:12933890	21
GeneID:12933891	102
GeneID:12933892	25
GeneID:12933893	0
GeneID:12933894	7
GeneID:12933895	0
GeneID:12933896	5
GeneID:12933897	62
GeneID:12933898	22
GeneID:12933899	156
GeneID:12933900	38
GeneID:12933901	0
GeneID:12933902	230
GeneID:12933903	94
GeneID:12933904	1623
GeneID:12933905	388
GeneID:12933906	7
GeneID:12933907	4
GeneID:12933908	10
GeneID:12933909	9
GeneID:12933910	72
GeneID:12933911	270
GeneID:12933912	467
GeneID:12933913	9648
GeneID:12933914	47
GeneID:12933915	23
GeneID:12933916	29
GeneID:12933917	65
GeneID:12933918	165
GeneID:12933919	440
GeneID:12933920	40
GeneID:12933921	149
GeneID:12933922	31
GeneID:12933923	292
GeneID:12933924	0
GeneID:12933925	108
GeneID:12933926	196
GeneID:12933927	1316
GeneID:12933928	51
GeneID:12933929	48
GeneID:12933930	520
GeneID:12933931	3
GeneID:12933932	156
GeneID:12933933	312
GeneID:12933934	2816
GeneID:12933935	244
GeneID:12933936	8
GeneID:12933937	2220
GeneID:12933938	5510
GeneID:12933939	282
GeneID:12933940	82
GeneID:12933941	0
GeneID:12933942	0
GeneID:12933943	12
GeneID:12933944	16
GeneID:12933945	10
GeneID:12933946	1
GeneID:12933947	8
GeneID:12933948	15
GeneID:12933949	63
GeneID:12933950	11
GeneID:12933951	299
GeneID:12933952	40
GeneID:12933953	3
GeneID:12933954	207
GeneID:12933955	39
GeneID:12933956	55
GeneID:12933957	1
GeneID:12933958	1
GeneID:12933959	1
GeneID:12933960	4
GeneID:12933961	370
GeneID:12933962	42
GeneID:12933963	287
GeneID:12933964	241
GeneID:12933965	11035
GeneID:12933966	13
GeneID:12933967	681
GeneID:12933968	4
GeneID:12933969	96
GeneID:12933970	75
GeneID:12933971	246
GeneID:12933972	409
GeneID:12933973	358
GeneID:12933974	121
GeneID:12933975	52
GeneID:12933976	268
GeneID:12933977	45
GeneID:12933978	22
GeneID:12933979	82
GeneID:12933980	1569
GeneID:12933981	2816
GeneID:12933982	5370
GeneID:12933983	1272
GeneID:12933984	227
GeneID:12933985	197
GeneID:12933986	3027
GeneID:12933987	120
GeneID:12933988	208
GeneID:12933989	589
GeneID:12933990	383
GeneID:12933991	0
GeneID:12933992	299
GeneID:12933993	0
GeneID:12933994	13
GeneID:12933995	14
GeneID:12933996	194
GeneID:12933997	455
GeneID:12933998	148
GeneID:12933999	14
GeneID:12934001	47
GeneID:12934002	243
GeneID:12934003	22
GeneID:12934004	117
GeneID:12934005	157
GeneID:12934006	46
GeneID:12934007	5832
GeneID:12934008	1712
GeneID:12934009	37
GeneID:12934010	260
GeneID:12934011	1919
GeneID:12934012	1053
GeneID:12934013	188
GeneID:12934014	12
GeneID:12934015	55
GeneID:12934016	2
GeneID:12934017	19
GeneID:12934018	230
GeneID:12934019	591
GeneID:12934020	190
GeneID:12934021	179
GeneID:12934022	25
GeneID:12934023	17
GeneID:12934024	45
GeneID:12934025	52
GeneID:12934026	11
GeneID:12934027	0
GeneID:12934028	0
GeneID:12934029	11
GeneID:12934030	29
GeneID:12934031	58
GeneID:12934032	3
GeneID:12934033	322
GeneID:12934034	30
GeneID:12934035	539
GeneID:12934036	23
GeneID:12934037	1
GeneID:12934038	291
GeneID:12934039	2
GeneID:12934040	116
GeneID:12934041	24
GeneID:12934042	10
GeneID:12934043	103
GeneID:12934044	77
GeneID:12934045	1
GeneID:12934046	3550
GeneID:12934047	52
GeneID:12934048	64
GeneID:12934049	7
GeneID:12934050	595
GeneID:12934051	166
GeneID:12934052	1436
GeneID:12934053	37
GeneID:12934054	18
GeneID:12934055	48
GeneID:12934056	422
GeneID:12934057	0
GeneID:12934058	2
GeneID:12934059	9
GeneID:12934060	139
GeneID:12934061	431
GeneID:12934062	28782
GeneID:12934063	2
GeneID:12934064	12
GeneID:12934065	513
GeneID:12934066	10236
GeneID:12934067	2452
GeneID:12934068	8311
GeneID:12934069	2
GeneID:12934070	204
GeneID:12934071	3832
GeneID:12934072	599
GeneID:12934073	6
GeneID:12934074	93
GeneID:12934075	1608
GeneID:12934076	61
GeneID:12934077	2652
GeneID:12934078	2789
GeneID:12934079	392
GeneID:12934080	638
GeneID:12934081	159
GeneID:12934082	361
GeneID:12934083	10868
GeneID:12934084	153
GeneID:12934085	21
GeneID:12934086	0
GeneID:12934087	0
GeneID:12934088	11
GeneID:12934089	43
GeneID:12934090	48
GeneID:12934091	245
GeneID:12934092	25
GeneID:12934093	152
GeneID:12934094	135
GeneID:12934095	44
GeneID:12934096	1
GeneID:12934097	1
GeneID:12934098	2
GeneID:12934099	1
GeneID:12934100	0
GeneID:12934101	9
GeneID:12934102	1519
GeneID:12934103	2
GeneID:12934104	0
GeneID:12934105	63
GeneID:12934106	46
GeneID:12934107	591
GeneID:12934108	24
GeneID:12934109	1
GeneID:12934110	1
GeneID:12934111	17
GeneID:12934112	1143
GeneID:12934113	0
GeneID:12934114	137
GeneID:12934115	1671
GeneID:12934116	9
GeneID:12934117	37
GeneID:12934118	209
GeneID:12934119	637
GeneID:12934120	16
GeneID:12934121	0
GeneID:12934122	117
GeneID:12934123	200
GeneID:12934124	105
GeneID:12934125	905
GeneID:12934126	14
GeneID:12934127	303
GeneID:12934128	3024
GeneID:12934129	666
GeneID:12934130	106
GeneID:12934131	909
GeneID:12934132	70
GeneID:12934133	35
GeneID:12934134	34
GeneID:12934135	478
GeneID:12934136	188
GeneID:12934137	27
GeneID:12934138	279
GeneID:12934139	186
GeneID:12934140	253
GeneID:12934141	172
GeneID:12934142	67
GeneID:12934143	9630
GeneID:12934144	30
GeneID:12934145	21
GeneID:12934146	68
GeneID:12934147	358
GeneID:12934148	47
GeneID:12934149	0
GeneID:12934150	94
GeneID:12934151	288
GeneID:12934152	36
GeneID:12934153	1
GeneID:12934154	22
GeneID:12934155	0
GeneID:12934156	37
GeneID:12934157	4
GeneID:12934158	79
GeneID:12934159	519
GeneID:12934160	125
GeneID:12934161	79
GeneID:12934162	0
GeneID:12934163	2386
GeneID:12934164	21
GeneID:12934165	76
GeneID:12934166	1068
GeneID:12934167	2
GeneID:12934168	909
GeneID:12934169	47
GeneID:12934170	12
GeneID:12934171	1018
GeneID:12934172	0
GeneID:12934173	38
GeneID:12934174	0
GeneID:12934175	1
GeneID:12934176	12
GeneID:12934177	70
GeneID:12934178	29
GeneID:12934179	91
GeneID:12934180	28
GeneID:12934181	144
GeneID:12934182	144
GeneID:12934183	2
GeneID:12934184	17
GeneID:12934185	13
GeneID:12934186	746
GeneID:12934187	0
GeneID:12934188	808
GeneID:12934189	5
GeneID:12934190	15
GeneID:12934191	7
GeneID:12934192	71
GeneID:12934193	4
GeneID:12934194	19
GeneID:12934195	140
GeneID:12934196	279
GeneID:12934197	9
GeneID:12934198	13
GeneID:12934199	11
GeneID:12934200	11
GeneID:12934201	1
GeneID:12934202	1
GeneID:12934203	169
GeneID:12934204	17
GeneID:12934205	1
GeneID:12934206	15
GeneID:12934207	5
GeneID:12934208	238
GeneID:12934209	14
GeneID:12934210	417
GeneID:12934211	2064
GeneID:12934212	125
GeneID:12934213	70
GeneID:12934214	1314
GeneID:12934215	3514
GeneID:12934216	291
GeneID:12934217	0
GeneID:12934218	1
GeneID:12934219	26
GeneID:12934220	1
GeneID:12934221	100
GeneID:12934222	8
GeneID:12934223	73
GeneID:12934224	538
GeneID:12934225	0
GeneID:12934226	337
GeneID:12934227	439
GeneID:12934228	66
GeneID:12934229	532
GeneID:12934230	72
GeneID:12934231	54
GeneID:12934232	9
GeneID:12934233	18
GeneID:12934234	43
GeneID:12934235	6
GeneID:12934236	1
GeneID:12934237	6
GeneID:12934238	1
GeneID:12934239	13
GeneID:12934240	265
GeneID:12934241	110
GeneID:12934242	1
GeneID:12934243	44
GeneID:12934244	50
GeneID:12934245	1696
GeneID:12934246	203
GeneID:12934247	64
GeneID:12934248	41
GeneID:12934249	636
GeneID:12934250	790
GeneID:12934251	0
GeneID:12934252	2
GeneID:12934253	85
GeneID:12934254	2364
GeneID:12934255	487
GeneID:12934256	0
GeneID:12934257	0
GeneID:12934258	145
GeneID:12934259	78
GeneID:12934260	412
GeneID:12934261	2
GeneID:12934262	1124
GeneID:12934263	6
GeneID:12934264	433
GeneID:12934265	345
GeneID:12934266	6
GeneID:12934267	59
GeneID:12934268	7
GeneID:12934269	112
GeneID:12934270	25
GeneID:12934271	9
GeneID:12934272	7
GeneID:12934273	0
GeneID:12934274	60
GeneID:12934275	11
GeneID:12934276	141
GeneID:12934277	29
GeneID:12934278	11
GeneID:12934279	106
GeneID:12934280	1002
GeneID:12934281	84
GeneID:12934282	217
GeneID:12934283	0
GeneID:12934284	4
GeneID:12934285	133
GeneID:12934286	540
GeneID:12934287	17
GeneID:12934288	4
GeneID:12934289	133
GeneID:12934290	22
GeneID:12934291	0
GeneID:12934292	63
GeneID:12934293	38328
GeneID:12934294	3
GeneID:12934295	3
GeneID:12934296	130
GeneID:12934297	1
GeneID:12934298	0
GeneID:12934299	936
GeneID:12934300	245
GeneID:12934301	427
GeneID:12934302	3
GeneID:12934303	434
GeneID:12934304	103
GeneID:12934305	856
GeneID:12934306	134
GeneID:12934307	4043
GeneID:12934308	58
GeneID:12934309	171
GeneID:12934310	162
GeneID:12934311	84
GeneID:12934312	359
GeneID:12934313	4499
GeneID:12934314	5
GeneID:12934315	21
GeneID:12934316	12
GeneID:12934317	14
GeneID:12934318	12
GeneID:12934319	13
GeneID:12934320	63
GeneID:12934321	285
GeneID:12934322	1672
GeneID:12934323	204
GeneID:12934324	3
GeneID:12934325	523
GeneID:12934326	1009
GeneID:12934327	176
GeneID:12934328	324
GeneID:12934329	9379
GeneID:12934330	104
GeneID:12934331	2089
GeneID:12934332	1
GeneID:12934333	5
GeneID:12934334	28
GeneID:12934335	155
GeneID:12934336	1
GeneID:12934337	70
GeneID:12934338	59
GeneID:12934339	11
GeneID:12934340	26
GeneID:12934341	16
GeneID:12934342	8
GeneID:12934343	17
GeneID:12934344	234
GeneID:12934345	4
GeneID:12934346	528
GeneID:12934347	1484
GeneID:12934348	5
GeneID:12934349	12
GeneID:12934350	141
GeneID:12934351	157
GeneID:12934352	47
GeneID:12934353	396
GeneID:12934354	2
GeneID:12934355	27
GeneID:12934356	85
GeneID:12934357	243
GeneID:12934358	85
GeneID:12934359	227
GeneID:12934360	35
GeneID:12934361	921
GeneID:12934362	1755
GeneID:12934363	20
GeneID:12934364	37
GeneID:12934365	164
GeneID:12934366	5422
GeneID:12934367	43
GeneID:12934368	370
GeneID:12934369	75
GeneID:12934370	22
GeneID:12934371	31
GeneID:12934372	298
GeneID:12934373	39
GeneID:12934374	1431
GeneID:12934375	2
GeneID:12934376	1229
GeneID:12934377	15
GeneID:12934378	51
GeneID:12934379	174
GeneID:12934380	88
GeneID:12934381	768
GeneID:12934382	620
GeneID:12934383	577
GeneID:12934384	9
GeneID:12934385	66
GeneID:12934386	26
GeneID:12934387	0
GeneID:12934388	1
GeneID:12934389	212
GeneID:12934390	5537
GeneID:12934391	944
GeneID:12934392	4544
GeneID:12934393	1133
GeneID:12934394	5497
GeneID:12934395	31
GeneID:12934396	12
GeneID:12934397	108
GeneID:12934398	418
GeneID:12934399	7
GeneID:12934400	3203
GeneID:12934401	58
GeneID:12934402	1589
GeneID:12934403	198
GeneID:12934404	7606
GeneID:12934405	113
GeneID:12934406	82
GeneID:12934407	299
GeneID:12934408	2045
GeneID:12934409	2493
GeneID:12934410	6558
GeneID:12934411	35
GeneID:12934412	257
GeneID:12934413	215
GeneID:12934414	3193
GeneID:12934415	51
GeneID:12934416	387
GeneID:12934417	90
GeneID:12934418	117
GeneID:12934419	46
GeneID:12934420	211
GeneID:12934421	368
GeneID:12934422	302
GeneID:12934423	266
GeneID:12934424	235
GeneID:12934425	74
GeneID:12934426	214
GeneID:12934427	55
GeneID:12934428	616
GeneID:12934429	801
GeneID:12934430	430
GeneID:12934431	2
GeneID:12934432	32
GeneID:12934433	1264
GeneID:12934434	3567
GeneID:12934435	492
GeneID:12934436	1986
GeneID:12934437	19
GeneID:12934438	0
GeneID:12934439	3403
GeneID:12934440	4
GeneID:12934441	525
GeneID:12934442	286
GeneID:12934443	5
GeneID:12934444	246
GeneID:12934445	3333
GeneID:12934446	11
GeneID:12934447	152
GeneID:12934448	710
GeneID:12934449	28
GeneID:12934450	2471
GeneID:12934451	17
GeneID:12934452	11
GeneID:12934453	75
GeneID:12934454	7500
GeneID:12934455	3322
GeneID:12934456	142
GeneID:12934457	148
GeneID:12934458	1149
GeneID:12934459	22
GeneID:12934461	96
GeneID:12934462	2450
GeneID:12934463	911
GeneID:12934464	176
GeneID:12934465	4157
GeneID:12934466	301
GeneID:12934467	119
GeneID:12934468	77
GeneID:12934469	1153
GeneID:12934470	12
GeneID:12934471	37
GeneID:12934472	117
GeneID:12934473	149
GeneID:12934474	147
GeneID:12934475	96439
GeneID:12934476	126
GeneID:12934477	21
GeneID:12934478	9840
GeneID:12934479	481
GeneID:12934480	148
GeneID:12934481	83
GeneID:12934482	358
GeneID:12934483	175
GeneID:12934484	9
GeneID:12934485	34
GeneID:12934486	12
GeneID:12934487	38
GeneID:12934488	14660
GeneID:12934489	49
GeneID:12934490	169
GeneID:12934491	141
GeneID:12934492	259
GeneID:12934493	1215
GeneID:12934494	190
GeneID:12934495	27
GeneID:12934496	1802
GeneID:12934497	241
GeneID:12934498	19
GeneID:12934499	35
GeneID:12934500	70
GeneID:12934501	467
GeneID:12934502	4428
GeneID:12934503	65
GeneID:12934504	134
GeneID:12934505	72
GeneID:12934506	103
GeneID:12934507	139
GeneID:12934508	154
GeneID:12934509	16
GeneID:12934510	28
GeneID:12934511	15
GeneID:12934512	232
GeneID:12934513	180
GeneID:12934514	292
GeneID:12934515	6
GeneID:12934516	398
GeneID:12934517	1473
GeneID:12934518	1637
GeneID:12934519	132
GeneID:12934520	7
GeneID:12934521	5
GeneID:12934522	402
GeneID:12934523	1530
GeneID:12934524	36
GeneID:12934525	1
GeneID:12934526	2334
GeneID:12934527	3
GeneID:12934528	1
GeneID:12934529	2
GeneID:12934530	404
GeneID:12934531	45
GeneID:12934532	22
GeneID:12934533	12
GeneID:12934534	26
GeneID:12934535	60
GeneID:12934536	174
GeneID:12934537	655
GeneID:12934538	1331
GeneID:12934539	340
GeneID:12934540	85
GeneID:12934541	17
GeneID:12934542	2420
GeneID:12934543	176
GeneID:12934544	569
GeneID:12934545	3901
GeneID:12934546	2938
GeneID:12934547	1
GeneID:12934548	41
GeneID:12934549	10
GeneID:12934550	157
GeneID:12934551	110
GeneID:13406005	0
GeneID:13406006	0
__no_feature	72402
__ambiguous	84398
__too_low_aQual	0
__not_aligned	0
__alignment_not_unique	0
